Classfile jar:file:///C:/Users/user/Documents/Codex/2026-09-29/c-users-user-desktop-mod-evorune/work/gradle-user-home/caches/modules-2/files-2.1/com.terraformersmc/modmenu/20.0.3/9fc381627b471c18d67156e846228f51ff2ea5b4/modmenu-20.0.3.jar!/com/terraformersmc/modmenu/ModMenu.class
  Last modified Feb 1, 1980; size 15501 bytes
  SHA-256 checksum 9705f877f37e5de859c4a2b8ac785d61884cb4e970c5e6d6f03d5f6c1cc66b18
  Compiled from "ModMenu.java"
public class com.terraformersmc.modmenu.ModMenu implements net.fabricmc.api.ClientModInitializer
  minor version: 0
  major version: 69
  flags: (0x0021) ACC_PUBLIC, ACC_SUPER
  this_class: #8                          // com/terraformersmc/modmenu/ModMenu
  super_class: #2                         // java/lang/Object
  interfaces: 1, fields: 14, methods: 13, attributes: 3
Constant pool:
    #1 = Methodref          #2.#3         // java/lang/Object."<init>":()V
    #2 = Class              #4            // java/lang/Object
    #3 = NameAndType        #5:#6         // "<init>":()V
    #4 = Utf8               java/lang/Object
    #5 = Utf8               <init>
    #6 = Utf8               ()V
    #7 = Methodref          #8.#9         // com/terraformersmc/modmenu/ModMenu.getConfigScreenFactory:(Ljava/lang/String;)Lcom/terraformersmc/modmenu/api/ConfigScreenFactory;
    #8 = Class              #10           // com/terraformersmc/modmenu/ModMenu
    #9 = NameAndType        #11:#12       // getConfigScreenFactory:(Ljava/lang/String;)Lcom/terraformersmc/modmenu/api/ConfigScreenFactory;
   #10 = Utf8               com/terraformersmc/modmenu/ModMenu
   #11 = Utf8               getConfigScreenFactory
   #12 = Utf8               (Ljava/lang/String;)Lcom/terraformersmc/modmenu/api/ConfigScreenFactory;
   #13 = InterfaceMethodref #14.#15       // com/terraformersmc/modmenu/api/ConfigScreenFactory.create:(Lnet/minecraft/client/gui/screens/Screen;)Lnet/minecraft/client/gui/screens/Screen;
   #14 = Class              #16           // com/terraformersmc/modmenu/api/ConfigScreenFactory
   #15 = NameAndType        #17:#18       // create:(Lnet/minecraft/client/gui/screens/Screen;)Lnet/minecraft/client/gui/screens/Screen;
   #16 = Utf8               com/terraformersmc/modmenu/api/ConfigScreenFactory
   #17 = Utf8               create
   #18 = Utf8               (Lnet/minecraft/client/gui/screens/Screen;)Lnet/minecraft/client/gui/screens/Screen;
   #19 = Fieldref           #20.#21       // com/terraformersmc/modmenu/config/ModMenuConfig.HIDDEN_CONFIGS:Lcom/terraformersmc/modmenu/config/option/StringSetConfigOption;
   #20 = Class              #22           // com/terraformersmc/modmenu/config/ModMenuConfig
   #21 = NameAndType        #23:#24       // HIDDEN_CONFIGS:Lcom/terraformersmc/modmenu/config/option/StringSetConfigOption;
   #22 = Utf8               com/terraformersmc/modmenu/config/ModMenuConfig
   #23 = Utf8               HIDDEN_CONFIGS
   #24 = Utf8               Lcom/terraformersmc/modmenu/config/option/StringSetConfigOption;
   #25 = Methodref          #26.#27       // com/terraformersmc/modmenu/config/option/StringSetConfigOption.getValue:()Ljava/util/Set;
   #26 = Class              #28           // com/terraformersmc/modmenu/config/option/StringSetConfigOption
   #27 = NameAndType        #29:#30       // getValue:()Ljava/util/Set;
   #28 = Utf8               com/terraformersmc/modmenu/config/option/StringSetConfigOption
   #29 = Utf8               getValue
   #30 = Utf8               ()Ljava/util/Set;
   #31 = InterfaceMethodref #32.#33       // java/util/Set.contains:(Ljava/lang/Object;)Z
   #32 = Class              #34           // java/util/Set
   #33 = NameAndType        #35:#36       // contains:(Ljava/lang/Object;)Z
   #34 = Utf8               java/util/Set
   #35 = Utf8               contains
   #36 = Utf8               (Ljava/lang/Object;)Z
   #37 = Fieldref           #8.#38        // com/terraformersmc/modmenu/ModMenu.apiImplementations:Ljava/util/List;
   #38 = NameAndType        #39:#40       // apiImplementations:Ljava/util/List;
   #39 = Utf8               apiImplementations
   #40 = Utf8               Ljava/util/List;
   #41 = InterfaceMethodref #42.#43       // java/util/List.iterator:()Ljava/util/Iterator;
   #42 = Class              #44           // java/util/List
   #43 = NameAndType        #45:#46       // iterator:()Ljava/util/Iterator;
   #44 = Utf8               java/util/List
   #45 = Utf8               iterator
   #46 = Utf8               ()Ljava/util/Iterator;
   #47 = InterfaceMethodref #48.#49       // java/util/Iterator.hasNext:()Z
   #48 = Class              #50           // java/util/Iterator
   #49 = NameAndType        #51:#52       // hasNext:()Z
   #50 = Utf8               java/util/Iterator
   #51 = Utf8               hasNext
   #52 = Utf8               ()Z
   #53 = InterfaceMethodref #48.#54       // java/util/Iterator.next:()Ljava/lang/Object;
   #54 = NameAndType        #55:#56       // next:()Ljava/lang/Object;
   #55 = Utf8               next
   #56 = Utf8               ()Ljava/lang/Object;
   #57 = Class              #58           // com/terraformersmc/modmenu/api/ModMenuApi
   #58 = Utf8               com/terraformersmc/modmenu/api/ModMenuApi
   #59 = InterfaceMethodref #57.#60       // com/terraformersmc/modmenu/api/ModMenuApi.getProvidedConfigScreenFactories:()Ljava/util/Map;
   #60 = NameAndType        #61:#62       // getProvidedConfigScreenFactories:()Ljava/util/Map;
   #61 = Utf8               getProvidedConfigScreenFactories
   #62 = Utf8               ()Ljava/util/Map;
   #63 = InterfaceMethodref #64.#65       // java/util/Map.isEmpty:()Z
   #64 = Class              #66           // java/util/Map
   #65 = NameAndType        #67:#52       // isEmpty:()Z
   #66 = Utf8               java/util/Map
   #67 = Utf8               isEmpty
   #68 = Fieldref           #8.#69        // com/terraformersmc/modmenu/ModMenu.configScreenFactories:Ljava/util/Map;
   #69 = NameAndType        #70:#71       // configScreenFactories:Ljava/util/Map;
   #70 = Utf8               configScreenFactories
   #71 = Utf8               Ljava/util/Map;
   #72 = Methodref          #73.#74       // java/util/Objects.requireNonNull:(Ljava/lang/Object;)Ljava/lang/Object;
   #73 = Class              #75           // java/util/Objects
   #74 = NameAndType        #76:#77       // requireNonNull:(Ljava/lang/Object;)Ljava/lang/Object;
   #75 = Utf8               java/util/Objects
   #76 = Utf8               requireNonNull
   #77 = Utf8               (Ljava/lang/Object;)Ljava/lang/Object;
   #78 = InvokeDynamic      #0:#79        // #0:accept:(Ljava/util/Map;)Ljava/util/function/BiConsumer;
   #79 = NameAndType        #80:#81       // accept:(Ljava/util/Map;)Ljava/util/function/BiConsumer;
   #80 = Utf8               accept
   #81 = Utf8               (Ljava/util/Map;)Ljava/util/function/BiConsumer;
   #82 = InterfaceMethodref #64.#83       // java/util/Map.forEach:(Ljava/util/function/BiConsumer;)V
   #83 = NameAndType        #84:#85       // forEach:(Ljava/util/function/BiConsumer;)V
   #84 = Utf8               forEach
   #85 = Utf8               (Ljava/util/function/BiConsumer;)V
   #86 = InterfaceMethodref #64.#87       // java/util/Map.get:(Ljava/lang/Object;)Ljava/lang/Object;
   #87 = NameAndType        #88:#77       // get:(Ljava/lang/Object;)Ljava/lang/Object;
   #88 = Utf8               get
   #89 = Methodref          #90.#91       // com/terraformersmc/modmenu/config/ModMenuConfigManager.initializeConfig:()V
   #90 = Class              #92           // com/terraformersmc/modmenu/config/ModMenuConfigManager
   #91 = NameAndType        #93:#6        // initializeConfig:()V
   #92 = Utf8               com/terraformersmc/modmenu/config/ModMenuConfigManager
   #93 = Utf8               initializeConfig
   #94 = Class              #95           // java/util/HashSet
   #95 = Utf8               java/util/HashSet
   #96 = Methodref          #94.#3        // java/util/HashSet."<init>":()V
   #97 = Class              #98           // java/util/HashMap
   #98 = Utf8               java/util/HashMap
   #99 = Methodref          #97.#3        // java/util/HashMap."<init>":()V
  #100 = InterfaceMethodref #101.#102     // net/fabricmc/loader/api/FabricLoader.getInstance:()Lnet/fabricmc/loader/api/FabricLoader;
  #101 = Class              #103          // net/fabricmc/loader/api/FabricLoader
  #102 = NameAndType        #104:#105     // getInstance:()Lnet/fabricmc/loader/api/FabricLoader;
  #103 = Utf8               net/fabricmc/loader/api/FabricLoader
  #104 = Utf8               getInstance
  #105 = Utf8               ()Lnet/fabricmc/loader/api/FabricLoader;
  #106 = String             #107          // modmenu
  #107 = Utf8               modmenu
  #108 = InterfaceMethodref #101.#109     // net/fabricmc/loader/api/FabricLoader.getEntrypointContainers:(Ljava/lang/String;Ljava/lang/Class;)Ljava/util/List;
  #109 = NameAndType        #110:#111     // getEntrypointContainers:(Ljava/lang/String;Ljava/lang/Class;)Ljava/util/List;
  #110 = Utf8               getEntrypointContainers
  #111 = Utf8               (Ljava/lang/String;Ljava/lang/Class;)Ljava/util/List;
  #112 = InvokeDynamic      #1:#113       // #1:accept:(Ljava/util/Map;Ljava/util/Map;Ljava/util/Set;)Ljava/util/function/Consumer;
  #113 = NameAndType        #80:#114      // accept:(Ljava/util/Map;Ljava/util/Map;Ljava/util/Set;)Ljava/util/function/Consumer;
  #114 = Utf8               (Ljava/util/Map;Ljava/util/Map;Ljava/util/Set;)Ljava/util/function/Consumer;
  #115 = InterfaceMethodref #42.#116      // java/util/List.forEach:(Ljava/util/function/Consumer;)V
  #116 = NameAndType        #84:#117      // forEach:(Ljava/util/function/Consumer;)V
  #117 = Utf8               (Ljava/util/function/Consumer;)V
  #118 = InterfaceMethodref #101.#119     // net/fabricmc/loader/api/FabricLoader.getAllMods:()Ljava/util/Collection;
  #119 = NameAndType        #120:#121     // getAllMods:()Ljava/util/Collection;
  #120 = Utf8               getAllMods
  #121 = Utf8               ()Ljava/util/Collection;
  #122 = InterfaceMethodref #123.#43      // java/util/Collection.iterator:()Ljava/util/Iterator;
  #123 = Class              #124          // java/util/Collection
  #124 = Utf8               java/util/Collection
  #125 = Class              #126          // net/fabricmc/loader/api/ModContainer
  #126 = Utf8               net/fabricmc/loader/api/ModContainer
  #127 = Fieldref           #8.#128       // com/terraformersmc/modmenu/ModMenu.RUNNING_QUILT:Z
  #128 = NameAndType        #129:#130     // RUNNING_QUILT:Z
  #129 = Utf8               RUNNING_QUILT
  #130 = Utf8               Z
  #131 = Class              #132          // com/terraformersmc/modmenu/util/mod/quilt/QuiltMod
  #132 = Utf8               com/terraformersmc/modmenu/util/mod/quilt/QuiltMod
  #133 = Methodref          #131.#134     // com/terraformersmc/modmenu/util/mod/quilt/QuiltMod."<init>":(Lnet/fabricmc/loader/api/ModContainer;Ljava/util/Set;)V
  #134 = NameAndType        #5:#135       // "<init>":(Lnet/fabricmc/loader/api/ModContainer;Ljava/util/Set;)V
  #135 = Utf8               (Lnet/fabricmc/loader/api/ModContainer;Ljava/util/Set;)V
  #136 = Class              #137          // com/terraformersmc/modmenu/util/mod/fabric/FabricMod
  #137 = Utf8               com/terraformersmc/modmenu/util/mod/fabric/FabricMod
  #138 = Methodref          #136.#134     // com/terraformersmc/modmenu/util/mod/fabric/FabricMod."<init>":(Lnet/fabricmc/loader/api/ModContainer;Ljava/util/Set;)V
  #139 = InterfaceMethodref #140.#141     // com/terraformersmc/modmenu/util/mod/Mod.getId:()Ljava/lang/String;
  #140 = Class              #142          // com/terraformersmc/modmenu/util/mod/Mod
  #141 = NameAndType        #143:#144     // getId:()Ljava/lang/String;
  #142 = Utf8               com/terraformersmc/modmenu/util/mod/Mod
  #143 = Utf8               getId
  #144 = Utf8               ()Ljava/lang/String;
  #145 = Class              #146          // com/terraformersmc/modmenu/api/UpdateChecker
  #146 = Utf8               com/terraformersmc/modmenu/api/UpdateChecker
  #147 = Fieldref           #8.#148       // com/terraformersmc/modmenu/ModMenu.MODS:Ljava/util/Map;
  #148 = NameAndType        #149:#71      // MODS:Ljava/util/Map;
  #149 = Utf8               MODS
  #150 = InterfaceMethodref #64.#151      // java/util/Map.put:(Ljava/lang/Object;Ljava/lang/Object;)Ljava/lang/Object;
  #151 = NameAndType        #152:#153     // put:(Ljava/lang/Object;Ljava/lang/Object;)Ljava/lang/Object;
  #152 = Utf8               put
  #153 = Utf8               (Ljava/lang/Object;Ljava/lang/Object;)Ljava/lang/Object;
  #154 = InterfaceMethodref #140.#155     // com/terraformersmc/modmenu/util/mod/Mod.setUpdateChecker:(Lcom/terraformersmc/modmenu/api/UpdateChecker;)V
  #155 = NameAndType        #156:#157     // setUpdateChecker:(Lcom/terraformersmc/modmenu/api/UpdateChecker;)V
  #156 = Utf8               setUpdateChecker
  #157 = Utf8               (Lcom/terraformersmc/modmenu/api/UpdateChecker;)V
  #158 = Methodref          #8.#159       // com/terraformersmc/modmenu/ModMenu.checkForUpdates:()V
  #159 = NameAndType        #160:#6       // checkForUpdates:()V
  #160 = Utf8               checkForUpdates
  #161 = InterfaceMethodref #64.#162      // java/util/Map.values:()Ljava/util/Collection;
  #162 = NameAndType        #163:#121     // values:()Ljava/util/Collection;
  #163 = Utf8               values
  #164 = InterfaceMethodref #140.#165     // com/terraformersmc/modmenu/util/mod/Mod.getParent:()Ljava/lang/String;
  #165 = NameAndType        #166:#144     // getParent:()Ljava/lang/String;
  #166 = Utf8               getParent
  #167 = Fieldref           #8.#168       // com/terraformersmc/modmenu/ModMenu.ROOT_MODS:Ljava/util/Map;
  #168 = NameAndType        #169:#71      // ROOT_MODS:Ljava/util/Map;
  #169 = Utf8               ROOT_MODS
  #170 = Methodref          #94.#171      // java/util/HashSet.clear:()V
  #171 = NameAndType        #172:#6       // clear:()V
  #172 = Utf8               clear
  #173 = InterfaceMethodref #64.#174      // java/util/Map.getOrDefault:(Ljava/lang/Object;Ljava/lang/Object;)Ljava/lang/Object;
  #174 = NameAndType        #175:#153     // getOrDefault:(Ljava/lang/Object;Ljava/lang/Object;)Ljava/lang/Object;
  #175 = Utf8               getOrDefault
  #176 = Class              #177          // com/terraformersmc/modmenu/util/mod/fabric/FabricDummyParentMod
  #177 = Utf8               com/terraformersmc/modmenu/util/mod/fabric/FabricDummyParentMod
  #178 = Methodref          #176.#179     // com/terraformersmc/modmenu/util/mod/fabric/FabricDummyParentMod."<init>":(Lcom/terraformersmc/modmenu/util/mod/fabric/FabricMod;Ljava/lang/String;)V
  #179 = NameAndType        #5:#180       // "<init>":(Lcom/terraformersmc/modmenu/util/mod/fabric/FabricMod;Ljava/lang/String;)V
  #180 = Utf8               (Lcom/terraformersmc/modmenu/util/mod/fabric/FabricMod;Ljava/lang/String;)V
  #181 = Methodref          #94.#33       // java/util/HashSet.contains:(Ljava/lang/Object;)Z
  #182 = Fieldref           #8.#183       // com/terraformersmc/modmenu/ModMenu.LOGGER:Lorg/slf4j/Logger;
  #183 = NameAndType        #184:#185     // LOGGER:Lorg/slf4j/Logger;
  #184 = Utf8               LOGGER
  #185 = Utf8               Lorg/slf4j/Logger;
  #186 = String             #187          // Mods contain each other as parents: {}
  #187 = Utf8               Mods contain each other as parents: {}
  #188 = InterfaceMethodref #189.#190     // org/slf4j/Logger.warn:(Ljava/lang/String;Ljava/lang/Object;)V
  #189 = Class              #191          // org/slf4j/Logger
  #190 = NameAndType        #192:#193     // warn:(Ljava/lang/String;Ljava/lang/Object;)V
  #191 = Utf8               org/slf4j/Logger
  #192 = Utf8               warn
  #193 = Utf8               (Ljava/lang/String;Ljava/lang/Object;)V
  #194 = Methodref          #94.#195      // java/util/HashSet.add:(Ljava/lang/Object;)Z
  #195 = NameAndType        #196:#36      // add:(Ljava/lang/Object;)Z
  #196 = Utf8               add
  #197 = Fieldref           #8.#198       // com/terraformersmc/modmenu/ModMenu.PARENT_MAP:Lcom/google/common/collect/ListMultimap;
  #198 = NameAndType        #199:#200     // PARENT_MAP:Lcom/google/common/collect/ListMultimap;
  #199 = Utf8               PARENT_MAP
  #200 = Utf8               Lcom/google/common/collect/ListMultimap;
  #201 = InterfaceMethodref #202.#203     // com/google/common/collect/ListMultimap.put:(Ljava/lang/Object;Ljava/lang/Object;)Z
  #202 = Class              #204          // com/google/common/collect/ListMultimap
  #203 = NameAndType        #152:#205     // put:(Ljava/lang/Object;Ljava/lang/Object;)Z
  #204 = Utf8               com/google/common/collect/ListMultimap
  #205 = Utf8               (Ljava/lang/Object;Ljava/lang/Object;)Z
  #206 = InterfaceMethodref #64.#207      // java/util/Map.putAll:(Ljava/util/Map;)V
  #207 = NameAndType        #208:#209     // putAll:(Ljava/util/Map;)V
  #208 = Utf8               putAll
  #209 = Utf8               (Ljava/util/Map;)V
  #210 = Methodref          #211.#212     // com/terraformersmc/modmenu/event/ModMenuEventHandler.register:()V
  #211 = Class              #213          // com/terraformersmc/modmenu/event/ModMenuEventHandler
  #212 = NameAndType        #214:#6       // register:()V
  #213 = Utf8               com/terraformersmc/modmenu/event/ModMenuEventHandler
  #214 = Utf8               register
  #215 = Fieldref           #8.#216       // com/terraformersmc/modmenu/ModMenu.cachedDisplayedModCount:I
  #216 = NameAndType        #217:#218     // cachedDisplayedModCount:I
  #217 = Utf8               cachedDisplayedModCount
  #218 = Utf8               I
  #219 = Methodref          #220.#159     // com/terraformersmc/modmenu/util/UpdateCheckerUtil.checkForUpdates:()V
  #220 = Class              #221          // com/terraformersmc/modmenu/util/UpdateCheckerUtil
  #221 = Utf8               com/terraformersmc/modmenu/util/UpdateCheckerUtil
  #222 = Fieldref           #20.#223      // com/terraformersmc/modmenu/config/ModMenuConfig.UPDATE_CHECKER:Lcom/terraformersmc/modmenu/config/option/BooleanConfigOption;
  #223 = NameAndType        #224:#225     // UPDATE_CHECKER:Lcom/terraformersmc/modmenu/config/option/BooleanConfigOption;
  #224 = Utf8               UPDATE_CHECKER
  #225 = Utf8               Lcom/terraformersmc/modmenu/config/option/BooleanConfigOption;
  #226 = Methodref          #227.#228     // com/terraformersmc/modmenu/config/option/BooleanConfigOption.getValue:()Z
  #227 = Class              #229          // com/terraformersmc/modmenu/config/option/BooleanConfigOption
  #228 = NameAndType        #29:#52       // getValue:()Z
  #229 = Utf8               com/terraformersmc/modmenu/config/option/BooleanConfigOption
  #230 = InterfaceMethodref #140.#231     // com/terraformersmc/modmenu/util/mod/Mod.isHidden:()Z
  #231 = NameAndType        #232:#52      // isHidden:()Z
  #232 = Utf8               isHidden
  #233 = Fieldref           #20.#234      // com/terraformersmc/modmenu/config/ModMenuConfig.SHOW_LIBRARIES:Lcom/terraformersmc/modmenu/config/option/EnumConfigOption;
  #234 = NameAndType        #235:#236     // SHOW_LIBRARIES:Lcom/terraformersmc/modmenu/config/option/EnumConfigOption;
  #235 = Utf8               SHOW_LIBRARIES
  #236 = Utf8               Lcom/terraformersmc/modmenu/config/option/EnumConfigOption;
  #237 = Methodref          #238.#239     // com/terraformersmc/modmenu/config/option/EnumConfigOption.getValue:()Ljava/lang/Enum;
  #238 = Class              #240          // com/terraformersmc/modmenu/config/option/EnumConfigOption
  #239 = NameAndType        #29:#241      // getValue:()Ljava/lang/Enum;
  #240 = Utf8               com/terraformersmc/modmenu/config/option/EnumConfigOption
  #241 = Utf8               ()Ljava/lang/Enum;
  #242 = Class              #243          // com/terraformersmc/modmenu/config/ModMenuConfig$LibraryVisibility
  #243 = Utf8               com/terraformersmc/modmenu/config/ModMenuConfig$LibraryVisibility
  #244 = Methodref          #242.#245     // com/terraformersmc/modmenu/config/ModMenuConfig$LibraryVisibility.hideMod:(Lcom/terraformersmc/modmenu/util/mod/Mod;Z)Z
  #245 = NameAndType        #246:#247     // hideMod:(Lcom/terraformersmc/modmenu/util/mod/Mod;Z)Z
  #246 = Utf8               hideMod
  #247 = Utf8               (Lcom/terraformersmc/modmenu/util/mod/Mod;Z)Z
  #248 = InterfaceMethodref #140.#249     // com/terraformersmc/modmenu/util/mod/Mod.hasUpdate:()Z
  #249 = NameAndType        #250:#52      // hasUpdate:()Z
  #250 = Utf8               hasUpdate
  #251 = InterfaceMethodref #140.#252     // com/terraformersmc/modmenu/util/mod/Mod.getChildHasUpdate:()Z
  #252 = NameAndType        #253:#52      // getChildHasUpdate:()Z
  #253 = Utf8               getChildHasUpdate
  #254 = Fieldref           #20.#255      // com/terraformersmc/modmenu/config/ModMenuConfig.COUNT_CHILDREN:Lcom/terraformersmc/modmenu/config/option/BooleanConfigOption;
  #255 = NameAndType        #256:#225     // COUNT_CHILDREN:Lcom/terraformersmc/modmenu/config/option/BooleanConfigOption;
  #256 = Utf8               COUNT_CHILDREN
  #257 = Fieldref           #20.#258      // com/terraformersmc/modmenu/config/ModMenuConfig.COUNT_LIBRARIES:Lcom/terraformersmc/modmenu/config/option/BooleanConfigOption;
  #258 = NameAndType        #259:#225     // COUNT_LIBRARIES:Lcom/terraformersmc/modmenu/config/option/BooleanConfigOption;
  #259 = Utf8               COUNT_LIBRARIES
  #260 = Fieldref           #20.#261      // com/terraformersmc/modmenu/config/ModMenuConfig.COUNT_HIDDEN_MODS:Lcom/terraformersmc/modmenu/config/option/BooleanConfigOption;
  #261 = NameAndType        #262:#225     // COUNT_HIDDEN_MODS:Lcom/terraformersmc/modmenu/config/option/BooleanConfigOption;
  #262 = Utf8               COUNT_HIDDEN_MODS
  #263 = InterfaceMethodref #123.#264     // java/util/Collection.stream:()Ljava/util/stream/Stream;
  #264 = NameAndType        #265:#266     // stream:()Ljava/util/stream/Stream;
  #265 = Utf8               stream
  #266 = Utf8               ()Ljava/util/stream/Stream;
  #267 = InvokeDynamic      #2:#268       // #2:test:(ZZZ)Ljava/util/function/Predicate;
  #268 = NameAndType        #269:#270     // test:(ZZZ)Ljava/util/function/Predicate;
  #269 = Utf8               test
  #270 = Utf8               (ZZZ)Ljava/util/function/Predicate;
  #271 = InterfaceMethodref #272.#273     // java/util/stream/Stream.filter:(Ljava/util/function/Predicate;)Ljava/util/stream/Stream;
  #272 = Class              #274          // java/util/stream/Stream
  #273 = NameAndType        #275:#276     // filter:(Ljava/util/function/Predicate;)Ljava/util/stream/Stream;
  #274 = Utf8               java/util/stream/Stream
  #275 = Utf8               filter
  #276 = Utf8               (Ljava/util/function/Predicate;)Ljava/util/stream/Stream;
  #277 = InterfaceMethodref #272.#278     // java/util/stream/Stream.count:()J
  #278 = NameAndType        #279:#280     // count:()J
  #279 = Utf8               count
  #280 = Utf8               ()J
  #281 = Methodref          #282.#283     // java/lang/Math.toIntExact:(J)I
  #282 = Class              #284          // java/lang/Math
  #283 = NameAndType        #285:#286     // toIntExact:(J)I
  #284 = Utf8               java/lang/Math
  #285 = Utf8               toIntExact
  #286 = Utf8               (J)I
  #287 = Methodref          #288.#289     // java/text/NumberFormat.getInstance:()Ljava/text/NumberFormat;
  #288 = Class              #290          // java/text/NumberFormat
  #289 = NameAndType        #104:#291     // getInstance:()Ljava/text/NumberFormat;
  #290 = Utf8               java/text/NumberFormat
  #291 = Utf8               ()Ljava/text/NumberFormat;
  #292 = Methodref          #288.#293     // java/text/NumberFormat.format:(J)Ljava/lang/String;
  #293 = NameAndType        #294:#295     // format:(J)Ljava/lang/String;
  #294 = Utf8               format
  #295 = Utf8               (J)Ljava/lang/String;
  #296 = Fieldref           #20.#297      // com/terraformersmc/modmenu/config/ModMenuConfig.MODS_BUTTON_STYLE:Lcom/terraformersmc/modmenu/config/option/EnumConfigOption;
  #297 = NameAndType        #298:#236     // MODS_BUTTON_STYLE:Lcom/terraformersmc/modmenu/config/option/EnumConfigOption;
  #298 = Utf8               MODS_BUTTON_STYLE
  #299 = Class              #300          // com/terraformersmc/modmenu/config/ModMenuConfig$TitleMenuButtonStyle
  #300 = Utf8               com/terraformersmc/modmenu/config/ModMenuConfig$TitleMenuButtonStyle
  #301 = Fieldref           #20.#302      // com/terraformersmc/modmenu/config/ModMenuConfig.GAME_MENU_BUTTON_STYLE:Lcom/terraformersmc/modmenu/config/option/EnumConfigOption;
  #302 = NameAndType        #303:#236     // GAME_MENU_BUTTON_STYLE:Lcom/terraformersmc/modmenu/config/option/EnumConfigOption;
  #303 = Utf8               GAME_MENU_BUTTON_STYLE
  #304 = Class              #305          // com/terraformersmc/modmenu/config/ModMenuConfig$GameMenuButtonStyle
  #305 = Utf8               com/terraformersmc/modmenu/config/ModMenuConfig$GameMenuButtonStyle
  #306 = Fieldref           #299.#307     // com/terraformersmc/modmenu/config/ModMenuConfig$TitleMenuButtonStyle.ICON:Lcom/terraformersmc/modmenu/config/ModMenuConfig$TitleMenuButtonStyle;
  #307 = NameAndType        #308:#309     // ICON:Lcom/terraformersmc/modmenu/config/ModMenuConfig$TitleMenuButtonStyle;
  #308 = Utf8               ICON
  #309 = Utf8               Lcom/terraformersmc/modmenu/config/ModMenuConfig$TitleMenuButtonStyle;
  #310 = Fieldref           #304.#311     // com/terraformersmc/modmenu/config/ModMenuConfig$GameMenuButtonStyle.ICON:Lcom/terraformersmc/modmenu/config/ModMenuConfig$GameMenuButtonStyle;
  #311 = NameAndType        #308:#312     // ICON:Lcom/terraformersmc/modmenu/config/ModMenuConfig$GameMenuButtonStyle;
  #312 = Utf8               Lcom/terraformersmc/modmenu/config/ModMenuConfig$GameMenuButtonStyle;
  #313 = Fieldref           #299.#314     // com/terraformersmc/modmenu/config/ModMenuConfig$TitleMenuButtonStyle.SHRINK:Lcom/terraformersmc/modmenu/config/ModMenuConfig$TitleMenuButtonStyle;
  #314 = NameAndType        #315:#309     // SHRINK:Lcom/terraformersmc/modmenu/config/ModMenuConfig$TitleMenuButtonStyle;
  #315 = Utf8               SHRINK
  #316 = Fieldref           #317.#318     // com/terraformersmc/modmenu/util/ModMenuScreenTexts.TITLE:Lnet/minecraft/network/chat/Component;
  #317 = Class              #319          // com/terraformersmc/modmenu/util/ModMenuScreenTexts
  #318 = NameAndType        #320:#321     // TITLE:Lnet/minecraft/network/chat/Component;
  #319 = Utf8               com/terraformersmc/modmenu/util/ModMenuScreenTexts
  #320 = Utf8               TITLE
  #321 = Utf8               Lnet/minecraft/network/chat/Component;
  #322 = InterfaceMethodref #323.#324     // net/minecraft/network/chat/Component.copy:()Lnet/minecraft/network/chat/MutableComponent;
  #323 = Class              #325          // net/minecraft/network/chat/Component
  #324 = NameAndType        #326:#327     // copy:()Lnet/minecraft/network/chat/MutableComponent;
  #325 = Utf8               net/minecraft/network/chat/Component
  #326 = Utf8               copy
  #327 = Utf8               ()Lnet/minecraft/network/chat/MutableComponent;
  #328 = Fieldref           #20.#329      // com/terraformersmc/modmenu/config/ModMenuConfig.MOD_COUNT_LOCATION:Lcom/terraformersmc/modmenu/config/option/EnumConfigOption;
  #329 = NameAndType        #330:#236     // MOD_COUNT_LOCATION:Lcom/terraformersmc/modmenu/config/option/EnumConfigOption;
  #330 = Utf8               MOD_COUNT_LOCATION
  #331 = Class              #332          // com/terraformersmc/modmenu/config/ModMenuConfig$ModCountLocation
  #332 = Utf8               com/terraformersmc/modmenu/config/ModMenuConfig$ModCountLocation
  #333 = Methodref          #331.#334     // com/terraformersmc/modmenu/config/ModMenuConfig$ModCountLocation.isOnModsButton:()Z
  #334 = NameAndType        #335:#52      // isOnModsButton:()Z
  #335 = Utf8               isOnModsButton
  #336 = Methodref          #8.#337       // com/terraformersmc/modmenu/ModMenu.getDisplayedModCount:()Ljava/lang/String;
  #337 = NameAndType        #338:#144     // getDisplayedModCount:()Ljava/lang/String;
  #338 = Utf8               getDisplayedModCount
  #339 = String             #340          //
  #340 = Utf8
  #341 = InterfaceMethodref #323.#342     // net/minecraft/network/chat/Component.literal:(Ljava/lang/String;)Lnet/minecraft/network/chat/MutableComponent;
  #342 = NameAndType        #343:#344     // literal:(Ljava/lang/String;)Lnet/minecraft/network/chat/MutableComponent;
  #343 = Utf8               literal
  #344 = Utf8               (Ljava/lang/String;)Lnet/minecraft/network/chat/MutableComponent;
  #345 = Methodref          #346.#347     // net/minecraft/network/chat/MutableComponent.append:(Lnet/minecraft/network/chat/Component;)Lnet/minecraft/network/chat/MutableComponent;
  #346 = Class              #348          // net/minecraft/network/chat/MutableComponent
  #347 = NameAndType        #349:#350     // append:(Lnet/minecraft/network/chat/Component;)Lnet/minecraft/network/chat/MutableComponent;
  #348 = Utf8               net/minecraft/network/chat/MutableComponent
  #349 = Utf8               append
  #350 = Utf8               (Lnet/minecraft/network/chat/Component;)Lnet/minecraft/network/chat/MutableComponent;
  #351 = String             #352          // modmenu.loaded.short
  #352 = Utf8               modmenu.loaded.short
  #353 = InterfaceMethodref #323.#354     // net/minecraft/network/chat/Component.translatable:(Ljava/lang/String;[Ljava/lang/Object;)Lnet/minecraft/network/chat/MutableComponent;
  #354 = NameAndType        #355:#356     // translatable:(Ljava/lang/String;[Ljava/lang/Object;)Lnet/minecraft/network/chat/MutableComponent;
  #355 = Utf8               translatable
  #356 = Utf8               (Ljava/lang/String;[Ljava/lang/Object;)Lnet/minecraft/network/chat/MutableComponent;
  #357 = InvokeDynamic      #3:#358       // #3:makeConcatWithConstants:(Ljava/lang/String;)Ljava/lang/String;
  #358 = NameAndType        #359:#360     // makeConcatWithConstants:(Ljava/lang/String;)Ljava/lang/String;
  #359 = Utf8               makeConcatWithConstants
  #360 = Utf8               (Ljava/lang/String;)Ljava/lang/String;
  #361 = Methodref          #362.#363     // net/minecraft/locale/Language.getInstance:()Lnet/minecraft/locale/Language;
  #362 = Class              #364          // net/minecraft/locale/Language
  #363 = NameAndType        #104:#365     // getInstance:()Lnet/minecraft/locale/Language;
  #364 = Utf8               net/minecraft/locale/Language
  #365 = Utf8               ()Lnet/minecraft/locale/Language;
  #366 = Methodref          #362.#367     // net/minecraft/locale/Language.has:(Ljava/lang/String;)Z
  #367 = NameAndType        #368:#369     // has:(Ljava/lang/String;)Z
  #368 = Utf8               has
  #369 = Utf8               (Ljava/lang/String;)Z
  #370 = String             #371          // modmenu.loaded
  #371 = Utf8               modmenu.loaded
  #372 = Fieldref           #20.#373      // com/terraformersmc/modmenu/config/ModMenuConfig.EASTER_EGGS:Lcom/terraformersmc/modmenu/config/option/BooleanConfigOption;
  #373 = NameAndType        #374:#225     // EASTER_EGGS:Lcom/terraformersmc/modmenu/config/option/BooleanConfigOption;
  #374 = Utf8               EASTER_EGGS
  #375 = InvokeDynamic      #4:#358       // #4:makeConcatWithConstants:(Ljava/lang/String;)Ljava/lang/String;
  #376 = InterfaceMethodref #140.#377     // com/terraformersmc/modmenu/util/mod/Mod.getBadges:()Ljava/util/Set;
  #377 = NameAndType        #378:#30      // getBadges:()Ljava/util/Set;
  #378 = Utf8               getBadges
  #379 = Fieldref           #380.#381     // com/terraformersmc/modmenu/util/mod/Mod$Badge.LIBRARY:Lcom/terraformersmc/modmenu/util/mod/Mod$Badge;
  #380 = Class              #382          // com/terraformersmc/modmenu/util/mod/Mod$Badge
  #381 = NameAndType        #383:#384     // LIBRARY:Lcom/terraformersmc/modmenu/util/mod/Mod$Badge;
  #382 = Utf8               com/terraformersmc/modmenu/util/mod/Mod$Badge
  #383 = Utf8               LIBRARY
  #384 = Utf8               Lcom/terraformersmc/modmenu/util/mod/Mod$Badge;
  #385 = InterfaceMethodref #386.#387     // net/fabricmc/loader/api/entrypoint/EntrypointContainer.getProvider:()Lnet/fabricmc/loader/api/ModContainer;
  #386 = Class              #388          // net/fabricmc/loader/api/entrypoint/EntrypointContainer
  #387 = NameAndType        #389:#390     // getProvider:()Lnet/fabricmc/loader/api/ModContainer;
  #388 = Utf8               net/fabricmc/loader/api/entrypoint/EntrypointContainer
  #389 = Utf8               getProvider
  #390 = Utf8               ()Lnet/fabricmc/loader/api/ModContainer;
  #391 = InterfaceMethodref #125.#392     // net/fabricmc/loader/api/ModContainer.getMetadata:()Lnet/fabricmc/loader/api/metadata/ModMetadata;
  #392 = NameAndType        #393:#394     // getMetadata:()Lnet/fabricmc/loader/api/metadata/ModMetadata;
  #393 = Utf8               getMetadata
  #394 = Utf8               ()Lnet/fabricmc/loader/api/metadata/ModMetadata;
  #395 = InterfaceMethodref #396.#141     // net/fabricmc/loader/api/metadata/ModMetadata.getId:()Ljava/lang/String;
  #396 = Class              #397          // net/fabricmc/loader/api/metadata/ModMetadata
  #397 = Utf8               net/fabricmc/loader/api/metadata/ModMetadata
  #398 = InterfaceMethodref #386.#399     // net/fabricmc/loader/api/entrypoint/EntrypointContainer.getEntrypoint:()Ljava/lang/Object;
  #399 = NameAndType        #400:#56      // getEntrypoint:()Ljava/lang/Object;
  #400 = Utf8               getEntrypoint
  #401 = InterfaceMethodref #57.#402      // com/terraformersmc/modmenu/api/ModMenuApi.getModConfigScreenFactory:()Lcom/terraformersmc/modmenu/api/ConfigScreenFactory;
  #402 = NameAndType        #403:#404     // getModConfigScreenFactory:()Lcom/terraformersmc/modmenu/api/ConfigScreenFactory;
  #403 = Utf8               getModConfigScreenFactory
  #404 = Utf8               ()Lcom/terraformersmc/modmenu/api/ConfigScreenFactory;
  #405 = Class              #406          // com/terraformersmc/modmenu/util/NullScreenFactory
  #406 = Utf8               com/terraformersmc/modmenu/util/NullScreenFactory
  #407 = InterfaceMethodref #42.#195      // java/util/List.add:(Ljava/lang/Object;)Z
  #408 = InterfaceMethodref #57.#409      // com/terraformersmc/modmenu/api/ModMenuApi.getUpdateChecker:()Lcom/terraformersmc/modmenu/api/UpdateChecker;
  #409 = NameAndType        #410:#411     // getUpdateChecker:()Lcom/terraformersmc/modmenu/api/UpdateChecker;
  #410 = Utf8               getUpdateChecker
  #411 = Utf8               ()Lcom/terraformersmc/modmenu/api/UpdateChecker;
  #412 = InterfaceMethodref #57.#413      // com/terraformersmc/modmenu/api/ModMenuApi.getProvidedUpdateCheckers:()Ljava/util/Map;
  #413 = NameAndType        #414:#62      // getProvidedUpdateCheckers:()Ljava/util/Map;
  #414 = Utf8               getProvidedUpdateCheckers
  #415 = InvokeDynamic      #5:#416       // #5:accept:(Ljava/util/Set;)Ljava/util/function/Consumer;
  #416 = NameAndType        #80:#417      // accept:(Ljava/util/Set;)Ljava/util/function/Consumer;
  #417 = Utf8               (Ljava/util/Set;)Ljava/util/function/Consumer;
  #418 = InterfaceMethodref #57.#419      // com/terraformersmc/modmenu/api/ModMenuApi.attachModpackBadges:(Ljava/util/function/Consumer;)V
  #419 = NameAndType        #420:#117     // attachModpackBadges:(Ljava/util/function/Consumer;)V
  #420 = Utf8               attachModpackBadges
  #421 = Class              #422          // java/lang/Throwable
  #422 = Utf8               java/lang/Throwable
  #423 = String             #424          // Mod {} provides a broken implementation of ModMenuApi
  #424 = Utf8               Mod {} provides a broken implementation of ModMenuApi
  #425 = InterfaceMethodref #189.#426     // org/slf4j/Logger.error:(Ljava/lang/String;Ljava/lang/Object;Ljava/lang/Object;)V
  #426 = NameAndType        #427:#428     // error:(Ljava/lang/String;Ljava/lang/Object;Ljava/lang/Object;)V
  #427 = Utf8               error
  #428 = Utf8               (Ljava/lang/String;Ljava/lang/Object;Ljava/lang/Object;)V
  #429 = String             #430          // Mod Menu
  #430 = Utf8               Mod Menu
  #431 = Methodref          #432.#433     // org/slf4j/LoggerFactory.getLogger:(Ljava/lang/String;)Lorg/slf4j/Logger;
  #432 = Class              #434          // org/slf4j/LoggerFactory
  #433 = NameAndType        #435:#436     // getLogger:(Ljava/lang/String;)Lorg/slf4j/Logger;
  #434 = Utf8               org/slf4j/LoggerFactory
  #435 = Utf8               getLogger
  #436 = Utf8               (Ljava/lang/String;)Lorg/slf4j/Logger;
  #437 = Class              #438          // com/google/gson/GsonBuilder
  #438 = Utf8               com/google/gson/GsonBuilder
  #439 = Methodref          #437.#3       // com/google/gson/GsonBuilder."<init>":()V
  #440 = Class              #441          // java/lang/Enum
  #441 = Utf8               java/lang/Enum
  #442 = Class              #443          // com/terraformersmc/modmenu/util/EnumToLowerCaseJsonConverter
  #443 = Utf8               com/terraformersmc/modmenu/util/EnumToLowerCaseJsonConverter
  #444 = Methodref          #442.#3       // com/terraformersmc/modmenu/util/EnumToLowerCaseJsonConverter."<init>":()V
  #445 = Methodref          #437.#446     // com/google/gson/GsonBuilder.registerTypeHierarchyAdapter:(Ljava/lang/Class;Ljava/lang/Object;)Lcom/google/gson/GsonBuilder;
  #446 = NameAndType        #447:#448     // registerTypeHierarchyAdapter:(Ljava/lang/Class;Ljava/lang/Object;)Lcom/google/gson/GsonBuilder;
  #447 = Utf8               registerTypeHierarchyAdapter
  #448 = Utf8               (Ljava/lang/Class;Ljava/lang/Object;)Lcom/google/gson/GsonBuilder;
  #449 = Fieldref           #450.#451     // com/google/gson/FieldNamingPolicy.LOWER_CASE_WITH_UNDERSCORES:Lcom/google/gson/FieldNamingPolicy;
  #450 = Class              #452          // com/google/gson/FieldNamingPolicy
  #451 = NameAndType        #453:#454     // LOWER_CASE_WITH_UNDERSCORES:Lcom/google/gson/FieldNamingPolicy;
  #452 = Utf8               com/google/gson/FieldNamingPolicy
  #453 = Utf8               LOWER_CASE_WITH_UNDERSCORES
  #454 = Utf8               Lcom/google/gson/FieldNamingPolicy;
  #455 = Methodref          #437.#456     // com/google/gson/GsonBuilder.setFieldNamingPolicy:(Lcom/google/gson/FieldNamingPolicy;)Lcom/google/gson/GsonBuilder;
  #456 = NameAndType        #457:#458     // setFieldNamingPolicy:(Lcom/google/gson/FieldNamingPolicy;)Lcom/google/gson/GsonBuilder;
  #457 = Utf8               setFieldNamingPolicy
  #458 = Utf8               (Lcom/google/gson/FieldNamingPolicy;)Lcom/google/gson/GsonBuilder;
  #459 = Methodref          #437.#460     // com/google/gson/GsonBuilder.setPrettyPrinting:()Lcom/google/gson/GsonBuilder;
  #460 = NameAndType        #461:#462     // setPrettyPrinting:()Lcom/google/gson/GsonBuilder;
  #461 = Utf8               setPrettyPrinting
  #462 = Utf8               ()Lcom/google/gson/GsonBuilder;
  #463 = Methodref          #437.#464     // com/google/gson/GsonBuilder.create:()Lcom/google/gson/Gson;
  #464 = NameAndType        #17:#465      // create:()Lcom/google/gson/Gson;
  #465 = Utf8               ()Lcom/google/gson/Gson;
  #466 = Fieldref           #8.#467       // com/terraformersmc/modmenu/ModMenu.GSON:Lcom/google/gson/Gson;
  #467 = NameAndType        #468:#469     // GSON:Lcom/google/gson/Gson;
  #468 = Utf8               GSON
  #469 = Utf8               Lcom/google/gson/Gson;
  #470 = Fieldref           #8.#471       // com/terraformersmc/modmenu/ModMenu.GSON_MINIFIED:Lcom/google/gson/Gson;
  #471 = NameAndType        #472:#469     // GSON_MINIFIED:Lcom/google/gson/Gson;
  #472 = Utf8               GSON_MINIFIED
  #473 = Class              #474          // java/util/concurrent/ConcurrentHashMap
  #474 = Utf8               java/util/concurrent/ConcurrentHashMap
  #475 = Methodref          #473.#3       // java/util/concurrent/ConcurrentHashMap."<init>":()V
  #476 = Methodref          #477.#478     // com/google/common/collect/LinkedListMultimap.create:()Lcom/google/common/collect/LinkedListMultimap;
  #477 = Class              #479          // com/google/common/collect/LinkedListMultimap
  #478 = NameAndType        #17:#480      // create:()Lcom/google/common/collect/LinkedListMultimap;
  #479 = Utf8               com/google/common/collect/LinkedListMultimap
  #480 = Utf8               ()Lcom/google/common/collect/LinkedListMultimap;
  #481 = Methodref          #482.#483     // com/google/common/collect/Multimaps.synchronizedListMultimap:(Lcom/google/common/collect/ListMultimap;)Lcom/google/common/collect/ListMultimap;
  #482 = Class              #484          // com/google/common/collect/Multimaps
  #483 = NameAndType        #485:#486     // synchronizedListMultimap:(Lcom/google/common/collect/ListMultimap;)Lcom/google/common/collect/ListMultimap;
  #484 = Utf8               com/google/common/collect/Multimaps
  #485 = Utf8               synchronizedListMultimap
  #486 = Utf8               (Lcom/google/common/collect/ListMultimap;)Lcom/google/common/collect/ListMultimap;
  #487 = Class              #488          // java/util/ArrayList
  #488 = Utf8               java/util/ArrayList
  #489 = Methodref          #487.#3       // java/util/ArrayList."<init>":()V
  #490 = String             #491          // quilt_loader
  #491 = Utf8               quilt_loader
  #492 = InterfaceMethodref #101.#493     // net/fabricmc/loader/api/FabricLoader.isModLoaded:(Ljava/lang/String;)Z
  #493 = NameAndType        #494:#369     // isModLoaded:(Ljava/lang/String;)Z
  #494 = Utf8               isModLoaded
  #495 = InterfaceMethodref #101.#496     // net/fabricmc/loader/api/FabricLoader.isDevelopmentEnvironment:()Z
  #496 = NameAndType        #497:#52      // isDevelopmentEnvironment:()Z
  #497 = Utf8               isDevelopmentEnvironment
  #498 = Fieldref           #8.#499       // com/terraformersmc/modmenu/ModMenu.DEV_ENVIRONMENT:Z
  #499 = NameAndType        #500:#130     // DEV_ENVIRONMENT:Z
  #500 = Utf8               DEV_ENVIRONMENT
  #501 = String             #502          // placeholder-api
  #502 = Utf8               placeholder-api
  #503 = Fieldref           #8.#504       // com/terraformersmc/modmenu/ModMenu.TEXT_PLACEHOLDER_COMPAT:Z
  #504 = NameAndType        #505:#130     // TEXT_PLACEHOLDER_COMPAT:Z
  #505 = Utf8               TEXT_PLACEHOLDER_COMPAT
  #506 = Class              #507          // net/fabricmc/api/ClientModInitializer
  #507 = Utf8               net/fabricmc/api/ClientModInitializer
  #508 = Utf8               MOD_ID
  #509 = Utf8               Ljava/lang/String;
  #510 = Utf8               ConstantValue
  #511 = Utf8               GITHUB_REF
  #512 = String             #513          // TerraformersMC/ModMenu
  #513 = Utf8               TerraformersMC/ModMenu
  #514 = Utf8               Signature
  #515 = Utf8               Ljava/util/Map<Ljava/lang/String;Lcom/terraformersmc/modmenu/util/mod/Mod;>;
  #516 = Utf8               Lcom/google/common/collect/ListMultimap<Lcom/terraformersmc/modmenu/util/mod/Mod;Lcom/terraformersmc/modmenu/util/mod/Mod;>;
  #517 = Utf8               Ljava/util/Map<Ljava/lang/String;Lcom/terraformersmc/modmenu/api/ConfigScreenFactory<*>;>;
  #518 = Utf8               Ljava/util/List<Lcom/terraformersmc/modmenu/api/ModMenuApi;>;
  #519 = Utf8               Code
  #520 = Utf8               LineNumberTable
  #521 = Utf8               LocalVariableTable
  #522 = Utf8               this
  #523 = Utf8               Lcom/terraformersmc/modmenu/ModMenu;
  #524 = Utf8               hasConfigScreen
  #525 = Utf8               modId
  #526 = Utf8               StackMapTable
  #527 = Utf8               getConfigScreen
  #528 = Utf8               (Ljava/lang/String;Lnet/minecraft/client/gui/screens/Screen;)Lnet/minecraft/client/gui/screens/Screen;
  #529 = Utf8               parent
  #530 = Utf8               Lnet/minecraft/client/gui/screens/Screen;
  #531 = Utf8               factory
  #532 = Utf8               Lcom/terraformersmc/modmenu/api/ConfigScreenFactory;
  #533 = Utf8               LocalVariableTypeTable
  #534 = Utf8               Lcom/terraformersmc/modmenu/api/ConfigScreenFactory<*>;
  #535 = Utf8               RuntimeInvisibleAnnotations
  #536 = Utf8               Lorg/jetbrains/annotations/Nullable;
  #537 = Utf8               RuntimeInvisibleTypeAnnotations
  #538 = Utf8               factoryProviders
  #539 = Utf8               api
  #540 = Utf8               Lcom/terraformersmc/modmenu/api/ModMenuApi;
  #541 = Utf8               (Ljava/lang/String;)Lcom/terraformersmc/modmenu/api/ConfigScreenFactory<*>;
  #542 = Utf8               onInitializeClient
  #543 = Utf8               mod
  #544 = Utf8               Lcom/terraformersmc/modmenu/util/mod/Mod;
  #545 = Utf8               updateChecker
  #546 = Utf8               Lcom/terraformersmc/modmenu/api/UpdateChecker;
  #547 = Utf8               modContainer
  #548 = Utf8               Lnet/fabricmc/loader/api/ModContainer;
  #549 = Utf8               parentId
  #550 = Utf8               modpackMods
  #551 = Utf8               Ljava/util/Set;
  #552 = Utf8               updateCheckers
  #553 = Utf8               providedUpdateCheckers
  #554 = Utf8               dummyParents
  #555 = Utf8               modParentSet
  #556 = Utf8               Ljava/util/HashSet;
  #557 = Utf8               Ljava/util/Set<Ljava/lang/String;>;
  #558 = Utf8               Ljava/util/Map<Ljava/lang/String;Lcom/terraformersmc/modmenu/api/UpdateChecker;>;
  #559 = Utf8               Ljava/util/HashSet<Ljava/lang/String;>;
  #560 = Class              #561          // java/lang/String
  #561 = Utf8               java/lang/String
  #562 = Utf8               clearModCountCache
  #563 = Utf8               areModUpdatesAvailable
  #564 = Utf8               includeChildren
  #565 = Utf8               includeLibraries
  #566 = Utf8               includeHidden
  #567 = Utf8               createModsButtonText
  #568 = Utf8               (Z)Lnet/minecraft/network/chat/Component;
  #569 = Utf8               specificKey
  #570 = Utf8               key
  #571 = Utf8               title
  #572 = Utf8               titleStyle
  #573 = Utf8               gameMenuStyle
  #574 = Utf8               isIcon
  #575 = Utf8               isShort
  #576 = Utf8               modsText
  #577 = Utf8               Lnet/minecraft/network/chat/MutableComponent;
  #578 = Utf8               lambda$getDisplayedModCount$0
  #579 = Utf8               (ZZZLcom/terraformersmc/modmenu/util/mod/Mod;)Z
  #580 = Utf8               isChild
  #581 = Utf8               isLibrary
  #582 = Utf8               lambda$onInitializeClient$0
  #583 = Utf8               (Ljava/util/Map;Ljava/util/Map;Ljava/util/Set;Lnet/fabricmc/loader/api/entrypoint/EntrypointContainer;)V
  #584 = Utf8               e
  #585 = Utf8               Ljava/lang/Throwable;
  #586 = Utf8               entrypoint
  #587 = Utf8               Lnet/fabricmc/loader/api/entrypoint/EntrypointContainer;
  #588 = Utf8               metadata
  #589 = Utf8               Lnet/fabricmc/loader/api/metadata/ModMetadata;
  #590 = Utf8               <clinit>
  #591 = Utf8               builder
  #592 = Utf8               Lcom/google/gson/GsonBuilder;
  #593 = Utf8               SourceFile
  #594 = Utf8               ModMenu.java
  #595 = Utf8               BootstrapMethods
  #596 = MethodType         #597          //  (Ljava/lang/Object;Ljava/lang/Object;)V
  #597 = Utf8               (Ljava/lang/Object;Ljava/lang/Object;)V
  #598 = MethodHandle       9:#599        // REF_invokeInterface java/util/Map.putIfAbsent:(Ljava/lang/Object;Ljava/lang/Object;)Ljava/lang/Object;
  #599 = InterfaceMethodref #64.#600      // java/util/Map.putIfAbsent:(Ljava/lang/Object;Ljava/lang/Object;)Ljava/lang/Object;
  #600 = NameAndType        #601:#153     // putIfAbsent:(Ljava/lang/Object;Ljava/lang/Object;)Ljava/lang/Object;
  #601 = Utf8               putIfAbsent
  #602 = MethodType         #603          //  (Ljava/lang/String;Lcom/terraformersmc/modmenu/api/ConfigScreenFactory;)V
  #603 = Utf8               (Ljava/lang/String;Lcom/terraformersmc/modmenu/api/ConfigScreenFactory;)V
  #604 = MethodType         #605          //  (Ljava/lang/Object;)V
  #605 = Utf8               (Ljava/lang/Object;)V
  #606 = MethodHandle       6:#607        // REF_invokeStatic com/terraformersmc/modmenu/ModMenu.lambda$onInitializeClient$0:(Ljava/util/Map;Ljava/util/Map;Ljava/util/Set;Lnet/fabricmc/loader/api/entrypoint/EntrypointContainer;)V
  #607 = Methodref          #8.#608       // com/terraformersmc/modmenu/ModMenu.lambda$onInitializeClient$0:(Ljava/util/Map;Ljava/util/Map;Ljava/util/Set;Lnet/fabricmc/loader/api/entrypoint/EntrypointContainer;)V
  #608 = NameAndType        #582:#583     // lambda$onInitializeClient$0:(Ljava/util/Map;Ljava/util/Map;Ljava/util/Set;Lnet/fabricmc/loader/api/entrypoint/EntrypointContainer;)V
  #609 = MethodType         #610          //  (Lnet/fabricmc/loader/api/entrypoint/EntrypointContainer;)V
  #610 = Utf8               (Lnet/fabricmc/loader/api/entrypoint/EntrypointContainer;)V
  #611 = MethodType         #36           //  (Ljava/lang/Object;)Z
  #612 = MethodHandle       6:#613        // REF_invokeStatic com/terraformersmc/modmenu/ModMenu.lambda$getDisplayedModCount$0:(ZZZLcom/terraformersmc/modmenu/util/mod/Mod;)Z
  #613 = Methodref          #8.#614       // com/terraformersmc/modmenu/ModMenu.lambda$getDisplayedModCount$0:(ZZZLcom/terraformersmc/modmenu/util/mod/Mod;)Z
  #614 = NameAndType        #578:#579     // lambda$getDisplayedModCount$0:(ZZZLcom/terraformersmc/modmenu/util/mod/Mod;)Z
  #615 = MethodType         #616          //  (Lcom/terraformersmc/modmenu/util/mod/Mod;)Z
  #616 = Utf8               (Lcom/terraformersmc/modmenu/util/mod/Mod;)Z
  #617 = String             #618          // modmenu.loaded.\u0001
  #618 = Utf8               modmenu.loaded.\u0001
  #619 = String             #620          // \u0001.secret
  #620 = Utf8               \u0001.secret
  #621 = MethodHandle       9:#622        // REF_invokeInterface java/util/Set.add:(Ljava/lang/Object;)Z
  #622 = InterfaceMethodref #32.#195      // java/util/Set.add:(Ljava/lang/Object;)Z
  #623 = MethodType         #624          //  (Ljava/lang/String;)V
  #624 = Utf8               (Ljava/lang/String;)V
  #625 = MethodHandle       6:#626        // REF_invokeStatic java/lang/invoke/LambdaMetafactory.metafactory:(Ljava/lang/invoke/MethodHandles$Lookup;Ljava/lang/String;Ljava/lang/invoke/MethodType;Ljava/lang/invoke/MethodType;Ljava/lang/invoke/MethodHandle;Ljava/lang/invoke/MethodType;)Ljava/lang/invoke/CallSite;
  #626 = Methodref          #627.#628     // java/lang/invoke/LambdaMetafactory.metafactory:(Ljava/lang/invoke/MethodHandles$Lookup;Ljava/lang/String;Ljava/lang/invoke/MethodType;Ljava/lang/invoke/MethodType;Ljava/lang/invoke/MethodHandle;Ljava/lang/invoke/MethodType;)Ljava/lang/invoke/CallSite;
  #627 = Class              #629          // java/lang/invoke/LambdaMetafactory
  #628 = NameAndType        #630:#631     // metafactory:(Ljava/lang/invoke/MethodHandles$Lookup;Ljava/lang/String;Ljava/lang/invoke/MethodType;Ljava/lang/invoke/MethodType;Ljava/lang/invoke/MethodHandle;Ljava/lang/invoke/MethodType;)Ljava/lang/invoke/CallSite;
  #629 = Utf8               java/lang/invoke/LambdaMetafactory
  #630 = Utf8               metafactory
  #631 = Utf8               (Ljava/lang/invoke/MethodHandles$Lookup;Ljava/lang/String;Ljava/lang/invoke/MethodType;Ljava/lang/invoke/MethodType;Ljava/lang/invoke/MethodHandle;Ljava/lang/invoke/MethodType;)Ljava/lang/invoke/CallSite;
  #632 = MethodHandle       6:#633        // REF_invokeStatic java/lang/invoke/StringConcatFactory.makeConcatWithConstants:(Ljava/lang/invoke/MethodHandles$Lookup;Ljava/lang/String;Ljava/lang/invoke/MethodType;Ljava/lang/String;[Ljava/lang/Object;)Ljava/lang/invoke/CallSite;
  #633 = Methodref          #634.#635     // java/lang/invoke/StringConcatFactory.makeConcatWithConstants:(Ljava/lang/invoke/MethodHandles$Lookup;Ljava/lang/String;Ljava/lang/invoke/MethodType;Ljava/lang/String;[Ljava/lang/Object;)Ljava/lang/invoke/CallSite;
  #634 = Class              #636          // java/lang/invoke/StringConcatFactory
  #635 = NameAndType        #359:#637     // makeConcatWithConstants:(Ljava/lang/invoke/MethodHandles$Lookup;Ljava/lang/String;Ljava/lang/invoke/MethodType;Ljava/lang/String;[Ljava/lang/Object;)Ljava/lang/invoke/CallSite;
  #636 = Utf8               java/lang/invoke/StringConcatFactory
  #637 = Utf8               (Ljava/lang/invoke/MethodHandles$Lookup;Ljava/lang/String;Ljava/lang/invoke/MethodType;Ljava/lang/String;[Ljava/lang/Object;)Ljava/lang/invoke/CallSite;
  #638 = Utf8               InnerClasses
  #639 = Utf8               LibraryVisibility
  #640 = Utf8               TitleMenuButtonStyle
  #641 = Utf8               GameMenuButtonStyle
  #642 = Utf8               ModCountLocation
  #643 = Utf8               Badge
  #644 = Class              #645          // java/lang/invoke/MethodHandles$Lookup
  #645 = Utf8               java/lang/invoke/MethodHandles$Lookup
  #646 = Class              #647          // java/lang/invoke/MethodHandles
  #647 = Utf8               java/lang/invoke/MethodHandles
  #648 = Utf8               Lookup
{
  public static final java.lang.String MOD_ID;
    descriptor: Ljava/lang/String;
    flags: (0x0019) ACC_PUBLIC, ACC_STATIC, ACC_FINAL
    ConstantValue: String modmenu

  public static final java.lang.String GITHUB_REF;
    descriptor: Ljava/lang/String;
    flags: (0x0019) ACC_PUBLIC, ACC_STATIC, ACC_FINAL
    ConstantValue: String TerraformersMC/ModMenu

  public static final org.slf4j.Logger LOGGER;
    descriptor: Lorg/slf4j/Logger;
    flags: (0x0019) ACC_PUBLIC, ACC_STATIC, ACC_FINAL

  public static final com.google.gson.Gson GSON;
    descriptor: Lcom/google/gson/Gson;
    flags: (0x0019) ACC_PUBLIC, ACC_STATIC, ACC_FINAL

  public static final com.google.gson.Gson GSON_MINIFIED;
    descriptor: Lcom/google/gson/Gson;
    flags: (0x0019) ACC_PUBLIC, ACC_STATIC, ACC_FINAL

  public static final java.util.Map<java.lang.String, com.terraformersmc.modmenu.util.mod.Mod> MODS;
    descriptor: Ljava/util/Map;
    flags: (0x0019) ACC_PUBLIC, ACC_STATIC, ACC_FINAL
    Signature: #515                         // Ljava/util/Map<Ljava/lang/String;Lcom/terraformersmc/modmenu/util/mod/Mod;>;

  public static final java.util.Map<java.lang.String, com.terraformersmc.modmenu.util.mod.Mod> ROOT_MODS;
    descriptor: Ljava/util/Map;
    flags: (0x0019) ACC_PUBLIC, ACC_STATIC, ACC_FINAL
    Signature: #515                         // Ljava/util/Map<Ljava/lang/String;Lcom/terraformersmc/modmenu/util/mod/Mod;>;

  public static final com.google.common.collect.ListMultimap<com.terraformersmc.modmenu.util.mod.Mod, com.terraformersmc.modmenu.util.mod.Mod> PARENT_MAP;
    descriptor: Lcom/google/common/collect/ListMultimap;
    flags: (0x0019) ACC_PUBLIC, ACC_STATIC, ACC_FINAL
    Signature: #516                         // Lcom/google/common/collect/ListMultimap<Lcom/terraformersmc/modmenu/util/mod/Mod;Lcom/terraformersmc/modmenu/util/mod/Mod;>;

  private static final java.util.Map<java.lang.String, com.terraformersmc.modmenu.api.ConfigScreenFactory<?>> configScreenFactories;
    descriptor: Ljava/util/Map;
    flags: (0x001a) ACC_PRIVATE, ACC_STATIC, ACC_FINAL
    Signature: #517                         // Ljava/util/Map<Ljava/lang/String;Lcom/terraformersmc/modmenu/api/ConfigScreenFactory<*>;>;

  private static final java.util.List<com.terraformersmc.modmenu.api.ModMenuApi> apiImplementations;
    descriptor: Ljava/util/List;
    flags: (0x001a) ACC_PRIVATE, ACC_STATIC, ACC_FINAL
    Signature: #518                         // Ljava/util/List<Lcom/terraformersmc/modmenu/api/ModMenuApi;>;

  private static int cachedDisplayedModCount;
    descriptor: I
    flags: (0x000a) ACC_PRIVATE, ACC_STATIC

  public static final boolean RUNNING_QUILT;
    descriptor: Z
    flags: (0x0019) ACC_PUBLIC, ACC_STATIC, ACC_FINAL

  public static final boolean DEV_ENVIRONMENT;
    descriptor: Z
    flags: (0x0019) ACC_PUBLIC, ACC_STATIC, ACC_FINAL

  public static final boolean TEXT_PLACEHOLDER_COMPAT;
    descriptor: Z
    flags: (0x0019) ACC_PUBLIC, ACC_STATIC, ACC_FINAL

  public com.terraformersmc.modmenu.ModMenu();
    descriptor: ()V
    flags: (0x0001) ACC_PUBLIC
    Code:
      stack=1, locals=1, args_size=1
         0: aload_0
         1: invokespecial #1                  // Method java/lang/Object."<init>":()V
         4: return
      LineNumberTable:
        line 39: 0
      LocalVariableTable:
        Start  Length  Slot  Name   Signature
            0       5     0  this   Lcom/terraformersmc/modmenu/ModMenu;

  public static boolean hasConfigScreen(java.lang.String);
    descriptor: (Ljava/lang/String;)Z
    flags: (0x0009) ACC_PUBLIC, ACC_STATIC
    Code:
      stack=1, locals=1, args_size=1
         0: aload_0
         1: invokestatic  #7                  // Method getConfigScreenFactory:(Ljava/lang/String;)Lcom/terraformersmc/modmenu/api/ConfigScreenFactory;
         4: ifnull        11
         7: iconst_1
         8: goto          12
        11: iconst_0
        12: ireturn
      LineNumberTable:
        line 65: 0
      LocalVariableTable:
        Start  Length  Slot  Name   Signature
            0      13     0 modId   Ljava/lang/String;
      StackMapTable: number_of_entries = 2
        frame_type = 11 /* same */
        frame_type = 64 /* same_locals_1_stack_item */
          stack = [ int ]

  public static net.minecraft.client.gui.screens.Screen getConfigScreen(java.lang.String, net.minecraft.client.gui.screens.Screen);
    descriptor: (Ljava/lang/String;Lnet/minecraft/client/gui/screens/Screen;)Lnet/minecraft/client/gui/screens/Screen;
    flags: (0x0009) ACC_PUBLIC, ACC_STATIC
    Code:
      stack=2, locals=3, args_size=2
         0: aload_0
         1: invokestatic  #7                  // Method getConfigScreenFactory:(Ljava/lang/String;)Lcom/terraformersmc/modmenu/api/ConfigScreenFactory;
         4: astore_2
         5: aload_2
         6: ifnull        17
         9: aload_2
        10: aload_1
        11: invokeinterface #13,  2           // InterfaceMethod com/terraformersmc/modmenu/api/ConfigScreenFactory.create:(Lnet/minecraft/client/gui/screens/Screen;)Lnet/minecraft/client/gui/screens/Screen;
        16: areturn
        17: aconst_null
        18: areturn
      LineNumberTable:
        line 69: 0
        line 70: 5
        line 71: 9
        line 73: 17
      LocalVariableTable:
        Start  Length  Slot  Name   Signature
            0      19     0 modId   Ljava/lang/String;
            0      19     1 parent   Lnet/minecraft/client/gui/screens/Screen;
            5      14     2 factory   Lcom/terraformersmc/modmenu/api/ConfigScreenFactory;
      LocalVariableTypeTable:
        Start  Length  Slot  Name   Signature
            5      14     2 factory   Lcom/terraformersmc/modmenu/api/ConfigScreenFactory<*>;
      StackMapTable: number_of_entries = 1
        frame_type = 252 /* append */
          offset_delta = 17
          locals = [ class com/terraformersmc/modmenu/api/ConfigScreenFactory ]
    RuntimeInvisibleAnnotations:
      0: #536()
        org.jetbrains.annotations.Nullable
    RuntimeInvisibleTypeAnnotations:
      0: #536(): METHOD_RETURN
        org.jetbrains.annotations.Nullable

  private static com.terraformersmc.modmenu.api.ConfigScreenFactory<?> getConfigScreenFactory(java.lang.String);
    descriptor: (Ljava/lang/String;)Lcom/terraformersmc/modmenu/api/ConfigScreenFactory;
    flags: (0x000a) ACC_PRIVATE, ACC_STATIC
    Code:
      stack=3, locals=4, args_size=1
         0: getstatic     #19                 // Field com/terraformersmc/modmenu/config/ModMenuConfig.HIDDEN_CONFIGS:Lcom/terraformersmc/modmenu/config/option/StringSetConfigOption;
         3: invokevirtual #25                 // Method com/terraformersmc/modmenu/config/option/StringSetConfigOption.getValue:()Ljava/util/Set;
         6: aload_0
         7: invokeinterface #31,  2           // InterfaceMethod java/util/Set.contains:(Ljava/lang/Object;)Z
        12: ifeq          17
        15: aconst_null
        16: areturn
        17: getstatic     #37                 // Field apiImplementations:Ljava/util/List;
        20: invokeinterface #41,  1           // InterfaceMethod java/util/List.iterator:()Ljava/util/Iterator;
        25: astore_1
        26: aload_1
        27: invokeinterface #47,  1           // InterfaceMethod java/util/Iterator.hasNext:()Z
        32: ifeq          83
        35: aload_1
        36: invokeinterface #53,  1           // InterfaceMethod java/util/Iterator.next:()Ljava/lang/Object;
        41: checkcast     #57                 // class com/terraformersmc/modmenu/api/ModMenuApi
        44: astore_2
        45: aload_2
        46: invokeinterface #59,  1           // InterfaceMethod com/terraformersmc/modmenu/api/ModMenuApi.getProvidedConfigScreenFactories:()Ljava/util/Map;
        51: astore_3
        52: aload_3
        53: invokeinterface #63,  1           // InterfaceMethod java/util/Map.isEmpty:()Z
        58: ifne          80
        61: aload_3
        62: getstatic     #68                 // Field configScreenFactories:Ljava/util/Map;
        65: dup
        66: invokestatic  #72                 // Method java/util/Objects.requireNonNull:(Ljava/lang/Object;)Ljava/lang/Object;
        69: pop
        70: invokedynamic #78,  0             // InvokeDynamic #0:accept:(Ljava/util/Map;)Ljava/util/function/BiConsumer;
        75: invokeinterface #82,  2           // InterfaceMethod java/util/Map.forEach:(Ljava/util/function/BiConsumer;)V
        80: goto          26
        83: getstatic     #68                 // Field configScreenFactories:Ljava/util/Map;
        86: aload_0
        87: invokeinterface #86,  2           // InterfaceMethod java/util/Map.get:(Ljava/lang/Object;)Ljava/lang/Object;
        92: checkcast     #14                 // class com/terraformersmc/modmenu/api/ConfigScreenFactory
        95: areturn
      LineNumberTable:
        line 78: 0
        line 79: 15
        line 82: 17
        line 83: 45
        line 84: 52
        line 85: 61
        line 87: 80
        line 89: 83
      LocalVariableTable:
        Start  Length  Slot  Name   Signature
           52      28     3 factoryProviders   Ljava/util/Map;
           45      35     2   api   Lcom/terraformersmc/modmenu/api/ModMenuApi;
            0      96     0 modId   Ljava/lang/String;
      LocalVariableTypeTable:
        Start  Length  Slot  Name   Signature
           52      28     3 factoryProviders   Ljava/util/Map<Ljava/lang/String;Lcom/terraformersmc/modmenu/api/ConfigScreenFactory<*>;>;
      StackMapTable: number_of_entries = 4
        frame_type = 17 /* same */
        frame_type = 252 /* append */
          offset_delta = 8
          locals = [ class java/util/Iterator ]
        frame_type = 53 /* same */
        frame_type = 250 /* chop */
          offset_delta = 2
    Signature: #541                         // (Ljava/lang/String;)Lcom/terraformersmc/modmenu/api/ConfigScreenFactory<*>;
    RuntimeInvisibleAnnotations:
      0: #536()
        org.jetbrains.annotations.Nullable
    RuntimeInvisibleTypeAnnotations:
      0: #536(): METHOD_RETURN
        org.jetbrains.annotations.Nullable

  public void onInitializeClient();
    descriptor: ()V
    flags: (0x0001) ACC_PUBLIC
    Code:
      stack=4, locals=10, args_size=1
         0: invokestatic  #89                 // Method com/terraformersmc/modmenu/config/ModMenuConfigManager.initializeConfig:()V
         3: new           #94                 // class java/util/HashSet
         6: dup
         7: invokespecial #96                 // Method java/util/HashSet."<init>":()V
        10: astore_1
        11: new           #97                 // class java/util/HashMap
        14: dup
        15: invokespecial #99                 // Method java/util/HashMap."<init>":()V
        18: astore_2
        19: new           #97                 // class java/util/HashMap
        22: dup
        23: invokespecial #99                 // Method java/util/HashMap."<init>":()V
        26: astore_3
        27: invokestatic  #100                // InterfaceMethod net/fabricmc/loader/api/FabricLoader.getInstance:()Lnet/fabricmc/loader/api/FabricLoader;
        30: ldc           #106                // String modmenu
        32: ldc           #57                 // class com/terraformersmc/modmenu/api/ModMenuApi
        34: invokeinterface #108,  3          // InterfaceMethod net/fabricmc/loader/api/FabricLoader.getEntrypointContainers:(Ljava/lang/String;Ljava/lang/Class;)Ljava/util/List;
        39: aload_2
        40: aload_3
        41: aload_1
        42: invokedynamic #112,  0            // InvokeDynamic #1:accept:(Ljava/util/Map;Ljava/util/Map;Ljava/util/Set;)Ljava/util/function/Consumer;
        47: invokeinterface #115,  2          // InterfaceMethod java/util/List.forEach:(Ljava/util/function/Consumer;)V
        52: invokestatic  #100                // InterfaceMethod net/fabricmc/loader/api/FabricLoader.getInstance:()Lnet/fabricmc/loader/api/FabricLoader;
        55: invokeinterface #118,  1          // InterfaceMethod net/fabricmc/loader/api/FabricLoader.getAllMods:()Ljava/util/Collection;
        60: invokeinterface #122,  1          // InterfaceMethod java/util/Collection.iterator:()Ljava/util/Iterator;
        65: astore        4
        67: aload         4
        69: invokeinterface #47,  1           // InterfaceMethod java/util/Iterator.hasNext:()Z
        74: ifeq          193
        77: aload         4
        79: invokeinterface #53,  1           // InterfaceMethod java/util/Iterator.next:()Ljava/lang/Object;
        84: checkcast     #125                // class net/fabricmc/loader/api/ModContainer
        87: astore        5
        89: getstatic     #127                // Field RUNNING_QUILT:Z
        92: ifeq          110
        95: new           #131                // class com/terraformersmc/modmenu/util/mod/quilt/QuiltMod
        98: dup
        99: aload         5
       101: aload_1
       102: invokespecial #133                // Method com/terraformersmc/modmenu/util/mod/quilt/QuiltMod."<init>":(Lnet/fabricmc/loader/api/ModContainer;Ljava/util/Set;)V
       105: astore        6
       107: goto          122
       110: new           #136                // class com/terraformersmc/modmenu/util/mod/fabric/FabricMod
       113: dup
       114: aload         5
       116: aload_1
       117: invokespecial #138                // Method com/terraformersmc/modmenu/util/mod/fabric/FabricMod."<init>":(Lnet/fabricmc/loader/api/ModContainer;Ljava/util/Set;)V
       120: astore        6
       122: aload_2
       123: aload         6
       125: invokeinterface #139,  1          // InterfaceMethod com/terraformersmc/modmenu/util/mod/Mod.getId:()Ljava/lang/String;
       130: invokeinterface #86,  2           // InterfaceMethod java/util/Map.get:(Ljava/lang/Object;)Ljava/lang/Object;
       135: checkcast     #145                // class com/terraformersmc/modmenu/api/UpdateChecker
       138: astore        7
       140: aload         7
       142: ifnonnull     163
       145: aload_3
       146: aload         6
       148: invokeinterface #139,  1          // InterfaceMethod com/terraformersmc/modmenu/util/mod/Mod.getId:()Ljava/lang/String;
       153: invokeinterface #86,  2           // InterfaceMethod java/util/Map.get:(Ljava/lang/Object;)Ljava/lang/Object;
       158: checkcast     #145                // class com/terraformersmc/modmenu/api/UpdateChecker
       161: astore        7
       163: getstatic     #147                // Field MODS:Ljava/util/Map;
       166: aload         6
       168: invokeinterface #139,  1          // InterfaceMethod com/terraformersmc/modmenu/util/mod/Mod.getId:()Ljava/lang/String;
       173: aload         6
       175: invokeinterface #150,  3          // InterfaceMethod java/util/Map.put:(Ljava/lang/Object;Ljava/lang/Object;)Ljava/lang/Object;
       180: pop
       181: aload         6
       183: aload         7
       185: invokeinterface #154,  2          // InterfaceMethod com/terraformersmc/modmenu/util/mod/Mod.setUpdateChecker:(Lcom/terraformersmc/modmenu/api/UpdateChecker;)V
       190: goto          67
       193: invokestatic  #158                // Method checkForUpdates:()V
       196: new           #97                 // class java/util/HashMap
       199: dup
       200: invokespecial #99                 // Method java/util/HashMap."<init>":()V
       203: astore        4
       205: new           #94                 // class java/util/HashSet
       208: dup
       209: invokespecial #96                 // Method java/util/HashSet."<init>":()V
       212: astore        5
       214: getstatic     #147                // Field MODS:Ljava/util/Map;
       217: invokeinterface #161,  1          // InterfaceMethod java/util/Map.values:()Ljava/util/Collection;
       222: invokeinterface #122,  1          // InterfaceMethod java/util/Collection.iterator:()Ljava/util/Iterator;
       227: astore        6
       229: aload         6
       231: invokeinterface #47,  1           // InterfaceMethod java/util/Iterator.hasNext:()Z
       236: ifeq          466
       239: aload         6
       241: invokeinterface #53,  1           // InterfaceMethod java/util/Iterator.next:()Ljava/lang/Object;
       246: checkcast     #140                // class com/terraformersmc/modmenu/util/mod/Mod
       249: astore        7
       251: aload         7
       253: invokeinterface #164,  1          // InterfaceMethod com/terraformersmc/modmenu/util/mod/Mod.getParent:()Ljava/lang/String;
       258: astore        8
       260: aload         8
       262: ifnonnull     286
       265: getstatic     #167                // Field ROOT_MODS:Ljava/util/Map;
       268: aload         7
       270: invokeinterface #139,  1          // InterfaceMethod com/terraformersmc/modmenu/util/mod/Mod.getId:()Ljava/lang/String;
       275: aload         7
       277: invokeinterface #150,  3          // InterfaceMethod java/util/Map.put:(Ljava/lang/Object;Ljava/lang/Object;)Ljava/lang/Object;
       282: pop
       283: goto          229
       286: aload         5
       288: invokevirtual #170                // Method java/util/HashSet.clear:()V
       291: getstatic     #147                // Field MODS:Ljava/util/Map;
       294: aload         8
       296: aload         4
       298: aload         8
       300: invokeinterface #86,  2           // InterfaceMethod java/util/Map.get:(Ljava/lang/Object;)Ljava/lang/Object;
       305: checkcast     #140                // class com/terraformersmc/modmenu/util/mod/Mod
       308: invokeinterface #173,  3          // InterfaceMethod java/util/Map.getOrDefault:(Ljava/lang/Object;Ljava/lang/Object;)Ljava/lang/Object;
       313: checkcast     #140                // class com/terraformersmc/modmenu/util/mod/Mod
       316: astore        9
       318: aload         9
       320: ifnonnull     359
       323: aload         7
       325: instanceof    #136                // class com/terraformersmc/modmenu/util/mod/fabric/FabricMod
       328: ifeq          359
       331: new           #176                // class com/terraformersmc/modmenu/util/mod/fabric/FabricDummyParentMod
       334: dup
       335: aload         7
       337: checkcast     #136                // class com/terraformersmc/modmenu/util/mod/fabric/FabricMod
       340: aload         8
       342: invokespecial #178                // Method com/terraformersmc/modmenu/util/mod/fabric/FabricDummyParentMod."<init>":(Lcom/terraformersmc/modmenu/util/mod/fabric/FabricMod;Ljava/lang/String;)V
       345: astore        9
       347: aload         4
       349: aload         8
       351: aload         9
       353: invokeinterface #150,  3          // InterfaceMethod java/util/Map.put:(Ljava/lang/Object;Ljava/lang/Object;)Ljava/lang/Object;
       358: pop
       359: aload         9
       361: ifnull        374
       364: aload         9
       366: invokeinterface #164,  1          // InterfaceMethod com/terraformersmc/modmenu/util/mod/Mod.getParent:()Ljava/lang/String;
       371: goto          375
       374: aconst_null
       375: astore        8
       377: aload         8
       379: ifnonnull     385
       382: goto          424
       385: aload         5
       387: aload         8
       389: invokevirtual #181                // Method java/util/HashSet.contains:(Ljava/lang/Object;)Z
       392: ifeq          413
       395: getstatic     #182                // Field LOGGER:Lorg/slf4j/Logger;
       398: ldc           #186                // String Mods contain each other as parents: {}
       400: aload         5
       402: invokeinterface #188,  3          // InterfaceMethod org/slf4j/Logger.warn:(Ljava/lang/String;Ljava/lang/Object;)V
       407: aconst_null
       408: astore        9
       410: goto          424
       413: aload         5
       415: aload         8
       417: invokevirtual #194                // Method java/util/HashSet.add:(Ljava/lang/Object;)Z
       420: pop
       421: goto          291
       424: aload         9
       426: ifnonnull     450
       429: getstatic     #167                // Field ROOT_MODS:Ljava/util/Map;
       432: aload         7
       434: invokeinterface #139,  1          // InterfaceMethod com/terraformersmc/modmenu/util/mod/Mod.getId:()Ljava/lang/String;
       439: aload         7
       441: invokeinterface #150,  3          // InterfaceMethod java/util/Map.put:(Ljava/lang/Object;Ljava/lang/Object;)Ljava/lang/Object;
       446: pop
       447: goto          229
       450: getstatic     #197                // Field PARENT_MAP:Lcom/google/common/collect/ListMultimap;
       453: aload         9
       455: aload         7
       457: invokeinterface #201,  3          // InterfaceMethod com/google/common/collect/ListMultimap.put:(Ljava/lang/Object;Ljava/lang/Object;)Z
       462: pop
       463: goto          229
       466: getstatic     #147                // Field MODS:Ljava/util/Map;
       469: aload         4
       471: invokeinterface #206,  2          // InterfaceMethod java/util/Map.putAll:(Ljava/util/Map;)V
       476: invokestatic  #210                // Method com/terraformersmc/modmenu/event/ModMenuEventHandler.register:()V
       479: return
      LineNumberTable:
        line 94: 0
        line 95: 3
        line 96: 11
        line 97: 19
        line 101: 27
        line 122: 52
        line 124: 89
        line 125: 95
        line 127: 110
        line 130: 122
        line 131: 140
        line 132: 145
        line 135: 163
        line 136: 181
        line 137: 190
        line 139: 193
        line 141: 196
        line 144: 205
        line 145: 214
        line 146: 251
        line 147: 260
        line 148: 265
        line 149: 283
        line 153: 286
        line 155: 291
        line 156: 318
        line 157: 323
        line 158: 331
        line 159: 347
        line 163: 359
        line 164: 377
        line 166: 382
        line 169: 385
        line 170: 395
        line 171: 407
        line 172: 410
        line 175: 413
        line 178: 424
        line 179: 429
        line 180: 447
        line 183: 450
        line 184: 463
        line 186: 466
        line 187: 476
        line 188: 479
      LocalVariableTable:
        Start  Length  Slot  Name   Signature
          107       3     6   mod   Lcom/terraformersmc/modmenu/util/mod/Mod;
          122      68     6   mod   Lcom/terraformersmc/modmenu/util/mod/Mod;
          140      50     7 updateChecker   Lcom/terraformersmc/modmenu/api/UpdateChecker;
           89     101     5 modContainer   Lnet/fabricmc/loader/api/ModContainer;
          260     203     8 parentId   Ljava/lang/String;
          318     145     9 parent   Lcom/terraformersmc/modmenu/util/mod/Mod;
          251     212     7   mod   Lcom/terraformersmc/modmenu/util/mod/Mod;
            0     480     0  this   Lcom/terraformersmc/modmenu/ModMenu;
           11     469     1 modpackMods   Ljava/util/Set;
           19     461     2 updateCheckers   Ljava/util/Map;
           27     453     3 providedUpdateCheckers   Ljava/util/Map;
          205     275     4 dummyParents   Ljava/util/Map;
          214     266     5 modParentSet   Ljava/util/HashSet;
      LocalVariableTypeTable:
        Start  Length  Slot  Name   Signature
           11     469     1 modpackMods   Ljava/util/Set<Ljava/lang/String;>;
           19     461     2 updateCheckers   Ljava/util/Map<Ljava/lang/String;Lcom/terraformersmc/modmenu/api/UpdateChecker;>;
           27     453     3 providedUpdateCheckers   Ljava/util/Map<Ljava/lang/String;Lcom/terraformersmc/modmenu/api/UpdateChecker;>;
          205     275     4 dummyParents   Ljava/util/Map<Ljava/lang/String;Lcom/terraformersmc/modmenu/util/mod/Mod;>;
          214     266     5 modParentSet   Ljava/util/HashSet<Ljava/lang/String;>;
      StackMapTable: number_of_entries = 16
        frame_type = 255 /* full_frame */
          offset_delta = 67
          locals = [ class com/terraformersmc/modmenu/ModMenu, class java/util/Set, class java/util/Map, class java/util/Map, class java/util/Iterator ]
          stack = []
        frame_type = 252 /* append */
          offset_delta = 42
          locals = [ class net/fabricmc/loader/api/ModContainer ]
        frame_type = 252 /* append */
          offset_delta = 11
          locals = [ class com/terraformersmc/modmenu/util/mod/Mod ]
        frame_type = 252 /* append */
          offset_delta = 40
          locals = [ class com/terraformersmc/modmenu/api/UpdateChecker ]
        frame_type = 255 /* full_frame */
          offset_delta = 29
          locals = [ class com/terraformersmc/modmenu/ModMenu, class java/util/Set, class java/util/Map, class java/util/Map ]
          stack = []
        frame_type = 254 /* append */
          offset_delta = 35
          locals = [ class java/util/Map, class java/util/HashSet, class java/util/Iterator ]
        frame_type = 253 /* append */
          offset_delta = 56
          locals = [ class com/terraformersmc/modmenu/util/mod/Mod, class java/lang/String ]
        frame_type = 4 /* same */
        frame_type = 252 /* append */
          offset_delta = 67
          locals = [ class com/terraformersmc/modmenu/util/mod/Mod ]
        frame_type = 14 /* same */
        frame_type = 64 /* same_locals_1_stack_item */
          stack = [ class java/lang/String ]
        frame_type = 9 /* same */
        frame_type = 27 /* same */
        frame_type = 10 /* same */
        frame_type = 25 /* same */
        frame_type = 255 /* full_frame */
          offset_delta = 15
          locals = [ class com/terraformersmc/modmenu/ModMenu, class java/util/Set, class java/util/Map, class java/util/Map, class java/util/Map, class java/util/HashSet ]
          stack = []

  public static void clearModCountCache();
    descriptor: ()V
    flags: (0x0009) ACC_PUBLIC, ACC_STATIC
    Code:
      stack=1, locals=0, args_size=0
         0: iconst_m1
         1: putstatic     #215                // Field cachedDisplayedModCount:I
         4: return
      LineNumberTable:
        line 191: 0
        line 192: 4

  public static void checkForUpdates();
    descriptor: ()V
    flags: (0x0009) ACC_PUBLIC, ACC_STATIC
    Code:
      stack=0, locals=0, args_size=0
         0: invokestatic  #219                // Method com/terraformersmc/modmenu/util/UpdateCheckerUtil.checkForUpdates:()V
         3: return
      LineNumberTable:
        line 195: 0
        line 196: 3

  public static boolean areModUpdatesAvailable();
    descriptor: ()Z
    flags: (0x0009) ACC_PUBLIC, ACC_STATIC
    Code:
      stack=3, locals=2, args_size=0
         0: getstatic     #222                // Field com/terraformersmc/modmenu/config/ModMenuConfig.UPDATE_CHECKER:Lcom/terraformersmc/modmenu/config/option/BooleanConfigOption;
         3: invokevirtual #226                // Method com/terraformersmc/modmenu/config/option/BooleanConfigOption.getValue:()Z
         6: ifne          11
         9: iconst_0
        10: ireturn
        11: getstatic     #147                // Field MODS:Ljava/util/Map;
        14: invokeinterface #161,  1          // InterfaceMethod java/util/Map.values:()Ljava/util/Collection;
        19: invokeinterface #122,  1          // InterfaceMethod java/util/Collection.iterator:()Ljava/util/Iterator;
        24: astore_0
        25: aload_0
        26: invokeinterface #47,  1           // InterfaceMethod java/util/Iterator.hasNext:()Z
        31: ifeq          115
        34: aload_0
        35: invokeinterface #53,  1           // InterfaceMethod java/util/Iterator.next:()Ljava/lang/Object;
        40: checkcast     #140                // class com/terraformersmc/modmenu/util/mod/Mod
        43: astore_1
        44: aload_1
        45: invokeinterface #230,  1          // InterfaceMethod com/terraformersmc/modmenu/util/mod/Mod.isHidden:()Z
        50: ifeq          56
        53: goto          25
        56: getstatic     #233                // Field com/terraformersmc/modmenu/config/ModMenuConfig.SHOW_LIBRARIES:Lcom/terraformersmc/modmenu/config/option/EnumConfigOption;
        59: invokevirtual #237                // Method com/terraformersmc/modmenu/config/option/EnumConfigOption.getValue:()Ljava/lang/Enum;
        62: checkcast     #242                // class com/terraformersmc/modmenu/config/ModMenuConfig$LibraryVisibility
        65: aload_1
        66: aload_1
        67: invokeinterface #139,  1          // InterfaceMethod com/terraformersmc/modmenu/util/mod/Mod.getId:()Ljava/lang/String;
        72: invokestatic  #7                  // Method getConfigScreenFactory:(Ljava/lang/String;)Lcom/terraformersmc/modmenu/api/ConfigScreenFactory;
        75: ifnull        82
        78: iconst_1
        79: goto          83
        82: iconst_0
        83: invokevirtual #244                // Method com/terraformersmc/modmenu/config/ModMenuConfig$LibraryVisibility.hideMod:(Lcom/terraformersmc/modmenu/util/mod/Mod;Z)Z
        86: ifeq          92
        89: goto          25
        92: aload_1
        93: invokeinterface #248,  1          // InterfaceMethod com/terraformersmc/modmenu/util/mod/Mod.hasUpdate:()Z
        98: ifne          110
       101: aload_1
       102: invokeinterface #251,  1          // InterfaceMethod com/terraformersmc/modmenu/util/mod/Mod.getChildHasUpdate:()Z
       107: ifeq          112
       110: iconst_1
       111: ireturn
       112: goto          25
       115: iconst_0
       116: ireturn
      LineNumberTable:
        line 199: 0
        line 200: 9
        line 203: 11
        line 204: 44
        line 205: 53
        line 208: 56
        line 209: 89
        line 212: 92
        line 213: 110
        line 215: 112
        line 217: 115
      LocalVariableTable:
        Start  Length  Slot  Name   Signature
           44      68     1   mod   Lcom/terraformersmc/modmenu/util/mod/Mod;
      StackMapTable: number_of_entries = 9
        frame_type = 11 /* same */
        frame_type = 252 /* append */
          offset_delta = 13
          locals = [ class java/util/Iterator ]
        frame_type = 252 /* append */
          offset_delta = 30
          locals = [ class com/terraformersmc/modmenu/util/mod/Mod ]
        frame_type = 255 /* full_frame */
          offset_delta = 25
          locals = [ class java/util/Iterator, class com/terraformersmc/modmenu/util/mod/Mod ]
          stack = [ class com/terraformersmc/modmenu/config/ModMenuConfig$LibraryVisibility, class com/terraformersmc/modmenu/util/mod/Mod ]
        frame_type = 255 /* full_frame */
          offset_delta = 0
          locals = [ class java/util/Iterator, class com/terraformersmc/modmenu/util/mod/Mod ]
          stack = [ class com/terraformersmc/modmenu/config/ModMenuConfig$LibraryVisibility, class com/terraformersmc/modmenu/util/mod/Mod, int ]
        frame_type = 8 /* same */
        frame_type = 17 /* same */
        frame_type = 250 /* chop */
          offset_delta = 1
        frame_type = 250 /* chop */
          offset_delta = 2

  public static java.lang.String getDisplayedModCount();
    descriptor: ()Ljava/lang/String;
    flags: (0x0009) ACC_PUBLIC, ACC_STATIC
    Code:
      stack=4, locals=3, args_size=0
         0: getstatic     #215                // Field cachedDisplayedModCount:I
         3: iconst_m1
         4: if_icmpne     65
         7: getstatic     #254                // Field com/terraformersmc/modmenu/config/ModMenuConfig.COUNT_CHILDREN:Lcom/terraformersmc/modmenu/config/option/BooleanConfigOption;
        10: invokevirtual #226                // Method com/terraformersmc/modmenu/config/option/BooleanConfigOption.getValue:()Z
        13: istore_0
        14: getstatic     #257                // Field com/terraformersmc/modmenu/config/ModMenuConfig.COUNT_LIBRARIES:Lcom/terraformersmc/modmenu/config/option/BooleanConfigOption;
        17: invokevirtual #226                // Method com/terraformersmc/modmenu/config/option/BooleanConfigOption.getValue:()Z
        20: istore_1
        21: getstatic     #260                // Field com/terraformersmc/modmenu/config/ModMenuConfig.COUNT_HIDDEN_MODS:Lcom/terraformersmc/modmenu/config/option/BooleanConfigOption;
        24: invokevirtual #226                // Method com/terraformersmc/modmenu/config/option/BooleanConfigOption.getValue:()Z
        27: istore_2
        28: getstatic     #147                // Field MODS:Ljava/util/Map;
        31: invokeinterface #161,  1          // InterfaceMethod java/util/Map.values:()Ljava/util/Collection;
        36: invokeinterface #263,  1          // InterfaceMethod java/util/Collection.stream:()Ljava/util/stream/Stream;
        41: iload_0
        42: iload_1
        43: iload_2
        44: invokedynamic #267,  0            // InvokeDynamic #2:test:(ZZZ)Ljava/util/function/Predicate;
        49: invokeinterface #271,  2          // InterfaceMethod java/util/stream/Stream.filter:(Ljava/util/function/Predicate;)Ljava/util/stream/Stream;
        54: invokeinterface #277,  1          // InterfaceMethod java/util/stream/Stream.count:()J
        59: invokestatic  #281                // Method java/lang/Math.toIntExact:(J)I
        62: putstatic     #215                // Field cachedDisplayedModCount:I
        65: invokestatic  #287                // Method java/text/NumberFormat.getInstance:()Ljava/text/NumberFormat;
        68: getstatic     #215                // Field cachedDisplayedModCount:I
        71: i2l
        72: invokevirtual #292                // Method java/text/NumberFormat.format:(J)Ljava/lang/String;
        75: areturn
      LineNumberTable:
        line 221: 0
        line 222: 7
        line 223: 14
        line 224: 21
        line 227: 28
        line 239: 54
        line 227: 59
        line 242: 65
      LocalVariableTable:
        Start  Length  Slot  Name   Signature
           14      51     0 includeChildren   Z
           21      44     1 includeLibraries   Z
           28      37     2 includeHidden   Z
      StackMapTable: number_of_entries = 1
        frame_type = 251 /* same_frame_extended */
          offset_delta = 65

  public static net.minecraft.network.chat.Component createModsButtonText(boolean);
    descriptor: (Z)Lnet/minecraft/network/chat/Component;
    flags: (0x0009) ACC_PUBLIC, ACC_STATIC
    Code:
      stack=6, locals=9, args_size=1
         0: getstatic     #296                // Field com/terraformersmc/modmenu/config/ModMenuConfig.MODS_BUTTON_STYLE:Lcom/terraformersmc/modmenu/config/option/EnumConfigOption;
         3: invokevirtual #237                // Method com/terraformersmc/modmenu/config/option/EnumConfigOption.getValue:()Ljava/lang/Enum;
         6: checkcast     #299                // class com/terraformersmc/modmenu/config/ModMenuConfig$TitleMenuButtonStyle
         9: astore_1
        10: getstatic     #301                // Field com/terraformersmc/modmenu/config/ModMenuConfig.GAME_MENU_BUTTON_STYLE:Lcom/terraformersmc/modmenu/config/option/EnumConfigOption;
        13: invokevirtual #237                // Method com/terraformersmc/modmenu/config/option/EnumConfigOption.getValue:()Ljava/lang/Enum;
        16: checkcast     #304                // class com/terraformersmc/modmenu/config/ModMenuConfig$GameMenuButtonStyle
        19: astore_2
        20: iload_0
        21: ifeq          39
        24: aload_1
        25: getstatic     #306                // Field com/terraformersmc/modmenu/config/ModMenuConfig$TitleMenuButtonStyle.ICON:Lcom/terraformersmc/modmenu/config/ModMenuConfig$TitleMenuButtonStyle;
        28: if_acmpne     35
        31: iconst_1
        32: goto          51
        35: iconst_0
        36: goto          51
        39: aload_2
        40: getstatic     #310                // Field com/terraformersmc/modmenu/config/ModMenuConfig$GameMenuButtonStyle.ICON:Lcom/terraformersmc/modmenu/config/ModMenuConfig$GameMenuButtonStyle;
        43: if_acmpne     50
        46: iconst_1
        47: goto          51
        50: iconst_0
        51: istore_3
        52: iload_0
        53: ifeq          71
        56: aload_1
        57: getstatic     #313                // Field com/terraformersmc/modmenu/config/ModMenuConfig$TitleMenuButtonStyle.SHRINK:Lcom/terraformersmc/modmenu/config/ModMenuConfig$TitleMenuButtonStyle;
        60: if_acmpne     67
        63: iconst_1
        64: goto          83
        67: iconst_0
        68: goto          83
        71: aload_2
        72: getstatic     #310                // Field com/terraformersmc/modmenu/config/ModMenuConfig$GameMenuButtonStyle.ICON:Lcom/terraformersmc/modmenu/config/ModMenuConfig$GameMenuButtonStyle;
        75: if_acmpne     82
        78: iconst_1
        79: goto          83
        82: iconst_0
        83: istore        4
        85: getstatic     #316                // Field com/terraformersmc/modmenu/util/ModMenuScreenTexts.TITLE:Lnet/minecraft/network/chat/Component;
        88: invokeinterface #322,  1          // InterfaceMethod net/minecraft/network/chat/Component.copy:()Lnet/minecraft/network/chat/MutableComponent;
        93: astore        5
        95: getstatic     #328                // Field com/terraformersmc/modmenu/config/ModMenuConfig.MOD_COUNT_LOCATION:Lcom/terraformersmc/modmenu/config/option/EnumConfigOption;
        98: invokevirtual #237                // Method com/terraformersmc/modmenu/config/option/EnumConfigOption.getValue:()Ljava/lang/Enum;
       101: checkcast     #331                // class com/terraformersmc/modmenu/config/ModMenuConfig$ModCountLocation
       104: invokevirtual #333                // Method com/terraformersmc/modmenu/config/ModMenuConfig$ModCountLocation.isOnModsButton:()Z
       107: ifeq          250
       110: iload_3
       111: ifne          250
       114: invokestatic  #336                // Method getDisplayedModCount:()Ljava/lang/String;
       117: astore        6
       119: iload         4
       121: ifeq          157
       124: aload         5
       126: ldc_w         #339                // String
       129: invokestatic  #341                // InterfaceMethod net/minecraft/network/chat/Component.literal:(Ljava/lang/String;)Lnet/minecraft/network/chat/MutableComponent;
       132: invokevirtual #345                // Method net/minecraft/network/chat/MutableComponent.append:(Lnet/minecraft/network/chat/Component;)Lnet/minecraft/network/chat/MutableComponent;
       135: ldc_w         #351                // String modmenu.loaded.short
       138: iconst_1
       139: anewarray     #2                  // class java/lang/Object
       142: dup
       143: iconst_0
       144: aload         6
       146: aastore
       147: invokestatic  #353                // InterfaceMethod net/minecraft/network/chat/Component.translatable:(Ljava/lang/String;[Ljava/lang/Object;)Lnet/minecraft/network/chat/MutableComponent;
       150: invokevirtual #345                // Method net/minecraft/network/chat/MutableComponent.append:(Lnet/minecraft/network/chat/Component;)Lnet/minecraft/network/chat/MutableComponent;
       153: pop
       154: goto          250
       157: aload         6
       159: invokedynamic #357,  0            // InvokeDynamic #3:makeConcatWithConstants:(Ljava/lang/String;)Ljava/lang/String;
       164: astore        7
       166: invokestatic  #361                // Method net/minecraft/locale/Language.getInstance:()Lnet/minecraft/locale/Language;
       169: aload         7
       171: invokevirtual #366                // Method net/minecraft/locale/Language.has:(Ljava/lang/String;)Z
       174: ifeq          182
       177: aload         7
       179: goto          185
       182: ldc_w         #370                // String modmenu.loaded
       185: astore        8
       187: getstatic     #372                // Field com/terraformersmc/modmenu/config/ModMenuConfig.EASTER_EGGS:Lcom/terraformersmc/modmenu/config/option/BooleanConfigOption;
       190: invokevirtual #226                // Method com/terraformersmc/modmenu/config/option/BooleanConfigOption.getValue:()Z
       193: ifeq          221
       196: invokestatic  #361                // Method net/minecraft/locale/Language.getInstance:()Lnet/minecraft/locale/Language;
       199: aload         7
       201: invokedynamic #375,  0            // InvokeDynamic #4:makeConcatWithConstants:(Ljava/lang/String;)Ljava/lang/String;
       206: invokevirtual #366                // Method net/minecraft/locale/Language.has:(Ljava/lang/String;)Z
       209: ifeq          221
       212: aload         7
       214: invokedynamic #375,  0            // InvokeDynamic #4:makeConcatWithConstants:(Ljava/lang/String;)Ljava/lang/String;
       219: astore        8
       221: aload         5
       223: ldc_w         #339                // String
       226: invokestatic  #341                // InterfaceMethod net/minecraft/network/chat/Component.literal:(Ljava/lang/String;)Lnet/minecraft/network/chat/MutableComponent;
       229: invokevirtual #345                // Method net/minecraft/network/chat/MutableComponent.append:(Lnet/minecraft/network/chat/Component;)Lnet/minecraft/network/chat/MutableComponent;
       232: aload         8
       234: iconst_1
       235: anewarray     #2                  // class java/lang/Object
       238: dup
       239: iconst_0
       240: aload         6
       242: aastore
       243: invokestatic  #353                // InterfaceMethod net/minecraft/network/chat/Component.translatable:(Ljava/lang/String;[Ljava/lang/Object;)Lnet/minecraft/network/chat/MutableComponent;
       246: invokevirtual #345                // Method net/minecraft/network/chat/MutableComponent.append:(Lnet/minecraft/network/chat/Component;)Lnet/minecraft/network/chat/MutableComponent;
       249: pop
       250: aload         5
       252: areturn
      LineNumberTable:
        line 246: 0
        line 247: 10
        line 248: 20
        line 249: 24
        line 250: 39
        line 251: 52
        line 252: 56
        line 253: 71
        line 254: 85
        line 255: 95
        line 256: 114
        line 257: 119
        line 258: 124
        line 260: 157
        line 261: 166
        line 262: 187
        line 263: 212
        line 265: 221
        line 268: 250
      LocalVariableTable:
        Start  Length  Slot  Name   Signature
          166      84     7 specificKey   Ljava/lang/String;
          187      63     8   key   Ljava/lang/String;
          119     131     6 count   Ljava/lang/String;
            0     253     0 title   Z
           10     243     1 titleStyle   Lcom/terraformersmc/modmenu/config/ModMenuConfig$TitleMenuButtonStyle;
           20     233     2 gameMenuStyle   Lcom/terraformersmc/modmenu/config/ModMenuConfig$GameMenuButtonStyle;
           52     201     3 isIcon   Z
           85     168     4 isShort   Z
           95     158     5 modsText   Lnet/minecraft/network/chat/MutableComponent;
      StackMapTable: number_of_entries = 13
        frame_type = 253 /* append */
          offset_delta = 35
          locals = [ class com/terraformersmc/modmenu/config/ModMenuConfig$TitleMenuButtonStyle, class com/terraformersmc/modmenu/config/ModMenuConfig$GameMenuButtonStyle ]
        frame_type = 3 /* same */
        frame_type = 10 /* same */
        frame_type = 64 /* same_locals_1_stack_item */
          stack = [ int ]
        frame_type = 252 /* append */
          offset_delta = 15
          locals = [ int ]
        frame_type = 3 /* same */
        frame_type = 10 /* same */
        frame_type = 64 /* same_locals_1_stack_item */
          stack = [ int ]
        frame_type = 254 /* append */
          offset_delta = 73
          locals = [ int, class net/minecraft/network/chat/MutableComponent, class java/lang/String ]
        frame_type = 252 /* append */
          offset_delta = 24
          locals = [ class java/lang/String ]
        frame_type = 66 /* same_locals_1_stack_item */
          stack = [ class java/lang/String ]
        frame_type = 252 /* append */
          offset_delta = 35
          locals = [ class java/lang/String ]
        frame_type = 248 /* chop */
          offset_delta = 28

  private static boolean lambda$getDisplayedModCount$0(boolean, boolean, boolean, com.terraformersmc.modmenu.util.mod.Mod);
    descriptor: (ZZZLcom/terraformersmc/modmenu/util/mod/Mod;)Z
    flags: (0x100a) ACC_PRIVATE, ACC_STATIC, ACC_SYNTHETIC
    Code:
      stack=2, locals=6, args_size=4
         0: aload_3
         1: invokeinterface #164,  1          // InterfaceMethod com/terraformersmc/modmenu/util/mod/Mod.getParent:()Ljava/lang/String;
         6: ifnull        13
         9: iconst_1
        10: goto          14
        13: iconst_0
        14: istore        4
        16: iload_0
        17: ifne          27
        20: iload         4
        22: ifeq          27
        25: iconst_0
        26: ireturn
        27: aload_3
        28: invokeinterface #376,  1          // InterfaceMethod com/terraformersmc/modmenu/util/mod/Mod.getBadges:()Ljava/util/Set;
        33: getstatic     #379                // Field com/terraformersmc/modmenu/util/mod/Mod$Badge.LIBRARY:Lcom/terraformersmc/modmenu/util/mod/Mod$Badge;
        36: invokeinterface #31,  2           // InterfaceMethod java/util/Set.contains:(Ljava/lang/Object;)Z
        41: istore        5
        43: iload_1
        44: ifne          54
        47: iload         5
        49: ifeq          54
        52: iconst_0
        53: ireturn
        54: iload_2
        55: ifne          67
        58: aload_3
        59: invokeinterface #230,  1          // InterfaceMethod com/terraformersmc/modmenu/util/mod/Mod.isHidden:()Z
        64: ifne          71
        67: iconst_1
        68: goto          72
        71: iconst_0
        72: ireturn
      LineNumberTable:
        line 228: 0
        line 229: 16
        line 230: 25
        line 233: 27
        line 234: 43
        line 235: 52
        line 238: 54
      LocalVariableTable:
        Start  Length  Slot  Name   Signature
            0      73     0 includeChildren   Z
            0      73     1 includeLibraries   Z
            0      73     2 includeHidden   Z
            0      73     3   mod   Lcom/terraformersmc/modmenu/util/mod/Mod;
           16      57     4 isChild   Z
           43      30     5 isLibrary   Z
      StackMapTable: number_of_entries = 7
        frame_type = 13 /* same */
        frame_type = 64 /* same_locals_1_stack_item */
          stack = [ int ]
        frame_type = 252 /* append */
          offset_delta = 12
          locals = [ int ]
        frame_type = 252 /* append */
          offset_delta = 26
          locals = [ int ]
        frame_type = 12 /* same */
        frame_type = 3 /* same */
        frame_type = 64 /* same_locals_1_stack_item */
          stack = [ int ]

  private static void lambda$onInitializeClient$0(java.util.Map, java.util.Map, java.util.Set, net.fabricmc.loader.api.entrypoint.EntrypointContainer);
    descriptor: (Ljava/util/Map;Ljava/util/Map;Ljava/util/Set;Lnet/fabricmc/loader/api/entrypoint/EntrypointContainer;)V
    flags: (0x100a) ACC_PRIVATE, ACC_STATIC, ACC_SYNTHETIC
    Code:
      stack=4, locals=8, args_size=4
         0: aload_3
         1: invokeinterface #385,  1          // InterfaceMethod net/fabricmc/loader/api/entrypoint/EntrypointContainer.getProvider:()Lnet/fabricmc/loader/api/ModContainer;
         6: invokeinterface #391,  1          // InterfaceMethod net/fabricmc/loader/api/ModContainer.getMetadata:()Lnet/fabricmc/loader/api/metadata/ModMetadata;
        11: astore        4
        13: aload         4
        15: invokeinterface #395,  1          // InterfaceMethod net/fabricmc/loader/api/metadata/ModMetadata.getId:()Ljava/lang/String;
        20: astore        5
        22: aload_3
        23: invokeinterface #398,  1          // InterfaceMethod net/fabricmc/loader/api/entrypoint/EntrypointContainer.getEntrypoint:()Ljava/lang/Object;
        28: checkcast     #57                 // class com/terraformersmc/modmenu/api/ModMenuApi
        31: astore        6
        33: aload         6
        35: invokeinterface #401,  1          // InterfaceMethod com/terraformersmc/modmenu/api/ModMenuApi.getModConfigScreenFactory:()Lcom/terraformersmc/modmenu/api/ConfigScreenFactory;
        40: astore        7
        42: aload         7
        44: instanceof    #405                // class com/terraformersmc/modmenu/util/NullScreenFactory
        47: ifne          63
        50: getstatic     #68                 // Field configScreenFactories:Ljava/util/Map;
        53: aload         5
        55: aload         7
        57: invokeinterface #150,  3          // InterfaceMethod java/util/Map.put:(Ljava/lang/Object;Ljava/lang/Object;)Ljava/lang/Object;
        62: pop
        63: getstatic     #37                 // Field apiImplementations:Ljava/util/List;
        66: aload         6
        68: invokeinterface #407,  2          // InterfaceMethod java/util/List.add:(Ljava/lang/Object;)Z
        73: pop
        74: aload_0
        75: aload         5
        77: aload         6
        79: invokeinterface #408,  1          // InterfaceMethod com/terraformersmc/modmenu/api/ModMenuApi.getUpdateChecker:()Lcom/terraformersmc/modmenu/api/UpdateChecker;
        84: invokeinterface #150,  3          // InterfaceMethod java/util/Map.put:(Ljava/lang/Object;Ljava/lang/Object;)Ljava/lang/Object;
        89: pop
        90: aload_1
        91: aload         6
        93: invokeinterface #412,  1          // InterfaceMethod com/terraformersmc/modmenu/api/ModMenuApi.getProvidedUpdateCheckers:()Ljava/util/Map;
        98: invokeinterface #206,  2          // InterfaceMethod java/util/Map.putAll:(Ljava/util/Map;)V
       103: aload         6
       105: aload_2
       106: dup
       107: invokestatic  #72                 // Method java/util/Objects.requireNonNull:(Ljava/lang/Object;)Ljava/lang/Object;
       110: pop
       111: invokedynamic #415,  0            // InvokeDynamic #5:accept:(Ljava/util/Set;)Ljava/util/function/Consumer;
       116: invokeinterface #418,  2          // InterfaceMethod com/terraformersmc/modmenu/api/ModMenuApi.attachModpackBadges:(Ljava/util/function/Consumer;)V
       121: goto          141
       124: astore        6
       126: getstatic     #182                // Field LOGGER:Lorg/slf4j/Logger;
       129: ldc_w         #423                // String Mod {} provides a broken implementation of ModMenuApi
       132: aload         5
       134: aload         6
       136: invokeinterface #425,  4          // InterfaceMethod org/slf4j/Logger.error:(Ljava/lang/String;Ljava/lang/Object;Ljava/lang/Object;)V
       141: return
      Exception table:
         from    to  target type
            22   121   124   Class java/lang/Throwable
      LineNumberTable:
        line 103: 0
        line 104: 13
        line 106: 22
        line 107: 33
        line 108: 42
        line 109: 50
        line 111: 63
        line 112: 74
        line 113: 90
        line 114: 103
        line 117: 121
        line 115: 124
        line 116: 126
        line 118: 141
      LocalVariableTable:
        Start  Length  Slot  Name   Signature
           33      88     6   api   Lcom/terraformersmc/modmenu/api/ModMenuApi;
           42      79     7 factory   Lcom/terraformersmc/modmenu/api/ConfigScreenFactory;
          126      15     6     e   Ljava/lang/Throwable;
            0     142     0 updateCheckers   Ljava/util/Map;
            0     142     1 providedUpdateCheckers   Ljava/util/Map;
            0     142     2 modpackMods   Ljava/util/Set;
            0     142     3 entrypoint   Lnet/fabricmc/loader/api/entrypoint/EntrypointContainer;
           13     129     4 metadata   Lnet/fabricmc/loader/api/metadata/ModMetadata;
           22     120     5 modId   Ljava/lang/String;
      LocalVariableTypeTable:
        Start  Length  Slot  Name   Signature
           42      79     7 factory   Lcom/terraformersmc/modmenu/api/ConfigScreenFactory<*>;
      StackMapTable: number_of_entries = 3
        frame_type = 255 /* full_frame */
          offset_delta = 63
          locals = [ class java/util/Map, class java/util/Map, class java/util/Set, class net/fabricmc/loader/api/entrypoint/EntrypointContainer, class net/fabricmc/loader/api/metadata/ModMetadata, class java/lang/String, class com/terraformersmc/modmenu/api/ModMenuApi, class com/terraformersmc/modmenu/api/ConfigScreenFactory ]
          stack = []
        frame_type = 255 /* full_frame */
          offset_delta = 60
          locals = [ class java/util/Map, class java/util/Map, class java/util/Set, class net/fabricmc/loader/api/entrypoint/EntrypointContainer, class net/fabricmc/loader/api/metadata/ModMetadata, class java/lang/String ]
          stack = [ class java/lang/Throwable ]
        frame_type = 16 /* same */

  static {};
    descriptor: ()V
    flags: (0x0008) ACC_STATIC
    Code:
      stack=4, locals=1, args_size=0
         0: ldc_w         #429                // String Mod Menu
         3: invokestatic  #431                // Method org/slf4j/LoggerFactory.getLogger:(Ljava/lang/String;)Lorg/slf4j/Logger;
         6: putstatic     #182                // Field LOGGER:Lorg/slf4j/Logger;
         9: new           #437                // class com/google/gson/GsonBuilder
        12: dup
        13: invokespecial #439                // Method com/google/gson/GsonBuilder."<init>":()V
        16: ldc_w         #440                // class java/lang/Enum
        19: new           #442                // class com/terraformersmc/modmenu/util/EnumToLowerCaseJsonConverter
        22: dup
        23: invokespecial #444                // Method com/terraformersmc/modmenu/util/EnumToLowerCaseJsonConverter."<init>":()V
        26: invokevirtual #445                // Method com/google/gson/GsonBuilder.registerTypeHierarchyAdapter:(Ljava/lang/Class;Ljava/lang/Object;)Lcom/google/gson/GsonBuilder;
        29: getstatic     #449                // Field com/google/gson/FieldNamingPolicy.LOWER_CASE_WITH_UNDERSCORES:Lcom/google/gson/FieldNamingPolicy;
        32: invokevirtual #455                // Method com/google/gson/GsonBuilder.setFieldNamingPolicy:(Lcom/google/gson/FieldNamingPolicy;)Lcom/google/gson/GsonBuilder;
        35: astore_0
        36: aload_0
        37: invokevirtual #459                // Method com/google/gson/GsonBuilder.setPrettyPrinting:()Lcom/google/gson/GsonBuilder;
        40: invokevirtual #463                // Method com/google/gson/GsonBuilder.create:()Lcom/google/gson/Gson;
        43: putstatic     #466                // Field GSON:Lcom/google/gson/Gson;
        46: aload_0
        47: invokevirtual #463                // Method com/google/gson/GsonBuilder.create:()Lcom/google/gson/Gson;
        50: putstatic     #470                // Field GSON_MINIFIED:Lcom/google/gson/Gson;
        53: new           #473                // class java/util/concurrent/ConcurrentHashMap
        56: dup
        57: invokespecial #475                // Method java/util/concurrent/ConcurrentHashMap."<init>":()V
        60: putstatic     #147                // Field MODS:Ljava/util/Map;
        63: new           #473                // class java/util/concurrent/ConcurrentHashMap
        66: dup
        67: invokespecial #475                // Method java/util/concurrent/ConcurrentHashMap."<init>":()V
        70: putstatic     #167                // Field ROOT_MODS:Ljava/util/Map;
        73: invokestatic  #476                // Method com/google/common/collect/LinkedListMultimap.create:()Lcom/google/common/collect/LinkedListMultimap;
        76: invokestatic  #481                // Method com/google/common/collect/Multimaps.synchronizedListMultimap:(Lcom/google/common/collect/ListMultimap;)Lcom/google/common/collect/ListMultimap;
        79: putstatic     #197                // Field PARENT_MAP:Lcom/google/common/collect/ListMultimap;
        82: new           #473                // class java/util/concurrent/ConcurrentHashMap
        85: dup
        86: invokespecial #475                // Method java/util/concurrent/ConcurrentHashMap."<init>":()V
        89: putstatic     #68                 // Field configScreenFactories:Ljava/util/Map;
        92: new           #487                // class java/util/ArrayList
        95: dup
        96: invokespecial #489                // Method java/util/ArrayList."<init>":()V
        99: putstatic     #37                 // Field apiImplementations:Ljava/util/List;
       102: iconst_m1
       103: putstatic     #215                // Field cachedDisplayedModCount:I
       106: invokestatic  #100                // InterfaceMethod net/fabricmc/loader/api/FabricLoader.getInstance:()Lnet/fabricmc/loader/api/FabricLoader;
       109: ldc_w         #490                // String quilt_loader
       112: invokeinterface #492,  2          // InterfaceMethod net/fabricmc/loader/api/FabricLoader.isModLoaded:(Ljava/lang/String;)Z
       117: putstatic     #127                // Field RUNNING_QUILT:Z
       120: invokestatic  #100                // InterfaceMethod net/fabricmc/loader/api/FabricLoader.getInstance:()Lnet/fabricmc/loader/api/FabricLoader;
       123: invokeinterface #495,  1          // InterfaceMethod net/fabricmc/loader/api/FabricLoader.isDevelopmentEnvironment:()Z
       128: putstatic     #498                // Field DEV_ENVIRONMENT:Z
       131: invokestatic  #100                // InterfaceMethod net/fabricmc/loader/api/FabricLoader.getInstance:()Lnet/fabricmc/loader/api/FabricLoader;
       134: ldc_w         #501                // String placeholder-api
       137: invokeinterface #492,  2          // InterfaceMethod net/fabricmc/loader/api/FabricLoader.isModLoaded:(Ljava/lang/String;)Z
       142: putstatic     #503                // Field TEXT_PLACEHOLDER_COMPAT:Z
       145: return
      LineNumberTable:
        line 42: 0
        line 47: 9
        line 48: 36
        line 49: 46
        line 52: 53
        line 53: 63
        line 54: 73
        line 56: 82
        line 57: 92
        line 59: 102
        line 60: 106
        line 61: 120
        line 62: 131
      LocalVariableTable:
        Start  Length  Slot  Name   Signature
           36      17     0 builder   Lcom/google/gson/GsonBuilder;
}
SourceFile: "ModMenu.java"
BootstrapMethods:
  0: #625 REF_invokeStatic java/lang/invoke/LambdaMetafactory.metafactory:(Ljava/lang/invoke/MethodHandles$Lookup;Ljava/lang/String;Ljava/lang/invoke/MethodType;Ljava/lang/invoke/MethodType;Ljava/lang/invoke/MethodHandle;Ljava/lang/invoke/MethodType;)Ljava/lang/invoke/CallSite;
    Method arguments:
      #596 (Ljava/lang/Object;Ljava/lang/Object;)V
      #598 REF_invokeInterface java/util/Map.putIfAbsent:(Ljava/lang/Object;Ljava/lang/Object;)Ljava/lang/Object;
      #602 (Ljava/lang/String;Lcom/terraformersmc/modmenu/api/ConfigScreenFactory;)V
  1: #625 REF_invokeStatic java/lang/invoke/LambdaMetafactory.metafactory:(Ljava/lang/invoke/MethodHandles$Lookup;Ljava/lang/String;Ljava/lang/invoke/MethodType;Ljava/lang/invoke/MethodType;Ljava/lang/invoke/MethodHandle;Ljava/lang/invoke/MethodType;)Ljava/lang/invoke/CallSite;
    Method arguments:
      #604 (Ljava/lang/Object;)V
      #606 REF_invokeStatic com/terraformersmc/modmenu/ModMenu.lambda$onInitializeClient$0:(Ljava/util/Map;Ljava/util/Map;Ljava/util/Set;Lnet/fabricmc/loader/api/entrypoint/EntrypointContainer;)V
      #609 (Lnet/fabricmc/loader/api/entrypoint/EntrypointContainer;)V
  2: #625 REF_invokeStatic java/lang/invoke/LambdaMetafactory.metafactory:(Ljava/lang/invoke/MethodHandles$Lookup;Ljava/lang/String;Ljava/lang/invoke/MethodType;Ljava/lang/invoke/MethodType;Ljava/lang/invoke/MethodHandle;Ljava/lang/invoke/MethodType;)Ljava/lang/invoke/CallSite;
    Method arguments:
      #611 (Ljava/lang/Object;)Z
      #612 REF_invokeStatic com/terraformersmc/modmenu/ModMenu.lambda$getDisplayedModCount$0:(ZZZLcom/terraformersmc/modmenu/util/mod/Mod;)Z
      #615 (Lcom/terraformersmc/modmenu/util/mod/Mod;)Z
  3: #632 REF_invokeStatic java/lang/invoke/StringConcatFactory.makeConcatWithConstants:(Ljava/lang/invoke/MethodHandles$Lookup;Ljava/lang/String;Ljava/lang/invoke/MethodType;Ljava/lang/String;[Ljava/lang/Object;)Ljava/lang/invoke/CallSite;
    Method arguments:
      #617 modmenu.loaded.\u0001
  4: #632 REF_invokeStatic java/lang/invoke/StringConcatFactory.makeConcatWithConstants:(Ljava/lang/invoke/MethodHandles$Lookup;Ljava/lang/String;Ljava/lang/invoke/MethodType;Ljava/lang/String;[Ljava/lang/Object;)Ljava/lang/invoke/CallSite;
    Method arguments:
      #619 \u0001.secret
  5: #625 REF_invokeStatic java/lang/invoke/LambdaMetafactory.metafactory:(Ljava/lang/invoke/MethodHandles$Lookup;Ljava/lang/String;Ljava/lang/invoke/MethodType;Ljava/lang/invoke/MethodType;Ljava/lang/invoke/MethodHandle;Ljava/lang/invoke/MethodType;)Ljava/lang/invoke/CallSite;
    Method arguments:
      #604 (Ljava/lang/Object;)V
      #621 REF_invokeInterface java/util/Set.add:(Ljava/lang/Object;)Z
      #623 (Ljava/lang/String;)V
InnerClasses:
  public static final #639= #242 of #20;  // LibraryVisibility=class com/terraformersmc/modmenu/config/ModMenuConfig$LibraryVisibility of class com/terraformersmc/modmenu/config/ModMenuConfig
  public static final #640= #299 of #20;  // TitleMenuButtonStyle=class com/terraformersmc/modmenu/config/ModMenuConfig$TitleMenuButtonStyle of class com/terraformersmc/modmenu/config/ModMenuConfig
  public static final #641= #304 of #20;  // GameMenuButtonStyle=class com/terraformersmc/modmenu/config/ModMenuConfig$GameMenuButtonStyle of class com/terraformersmc/modmenu/config/ModMenuConfig
  public static final #642= #331 of #20;  // ModCountLocation=class com/terraformersmc/modmenu/config/ModMenuConfig$ModCountLocation of class com/terraformersmc/modmenu/config/ModMenuConfig
  public static final #643= #380 of #140; // Badge=class com/terraformersmc/modmenu/util/mod/Mod$Badge of class com/terraformersmc/modmenu/util/mod/Mod
  public static final #648= #644 of #646; // Lookup=class java/lang/invoke/MethodHandles$Lookup of class java/lang/invoke/MethodHandles
